행정동코드,행정동명,시군구명,자치구명,연도,총인구수,65세이상인구,고령화율,독거노인수,독거노인수_2018,독거노인비율,의료기관수,시설수,포화도,취약도지수,인프라갭,고령화율_변화,연령가중수요지수,수요공급갭지수,독거취약수요지수,인구_65-69,인구_70-74,인구_75-79,인구_80-84,인구_85이상,인구_60대,인구_70대,인구_80세이상,비율_65-69세,비율_70-74세,비율_75-79세,비율_80-84세,비율_85세이상,비율_70대,비율_80세이상,요양수요가속도
1111051500,청운효자동,종로구,종로구,2023,11605,2144,18.47,641.0,448.0,29.9,0.0,8,0.961,5.523,2144.0,0.42,1.27,302.5422,1.6497,605,471,446,364,257,605,917,622,28.23,21.98,20.81,16.99,11.99,42.77,29.01,35.82
1111053000,사직동,종로구,종로구,2023,9120,1808,19.82,556.0,1822.0,30.75,2.0,8,0.961,6.095,602.67,1.04,1.2917,212.3085,1.6889,528,357,329,319,274,528,686,594,29.22,19.76,18.21,17.65,15.16,37.94,32.85,-24.336
1111054000,삼청동,종로구,종로구,2023,2322,589,25.37,193.0,167.0,32.77,1.0,8,0.961,8.314,294.5,0.67,1.2786,75.3095,1.6976,173,132,108,91,84,173,240,176,29.42,22.45,18.37,15.48,14.29,40.75,29.88,14.47
1111055000,부암동,종로구,종로구,2023,9178,1825,19.88,458.0,331.0,25.1,0.0,8,0.961,4.99,1825.0,0.94,1.2637,256.2503,1.5809,594,382,355,270,222,594,737,494,32.58,20.95,19.47,14.81,12.18,40.38,27.07,32.48
1111056000,평창동,종로구,종로구,2023,17602,3510,19.94,834.0,649.0,23.76,1.0,8,0.961,4.738,1755.0,0.94,1.2657,444.2607,1.5664,1206,732,616,491,459,1206,1348,956,34.42,20.89,17.58,14.01,13.1,38.4,27.24,25.08
1111057000,무악동,종로구,종로구,2023,8019,1483,18.49,436.0,236.0,29.4,1.0,8,0.961,5.436,741.5,0.96,1.2558,186.2351,1.625,469,331,258,271,151,469,589,425,31.69,22.36,17.43,18.31,10.2,39.72,28.66,61.38
1111058000,교남동,종로구,종로구,2023,9783,1649,16.86,577.0,346.0,34.99,2.0,8,0.961,5.899,549.67,0.58,1.2475,187.0116,1.684,539,401,300,248,161,539,701,409,32.69,24.32,18.19,15.04,9.76,42.51,24.8,51.14
1111060000,가회동,종로구,종로구,2023,3969,842,21.21,251.0,196.0,29.81,0.0,8,0.961,6.323,842.0,-0.03,1.2702,118.8343,1.6488,225,191,188,137,101,225,379,238,26.72,22.68,22.33,16.27,12.0,45.01,28.27,24.73
1111061500,종로1.2.3.4가동,종로구,종로구,2023,6760,1733,25.64,1489.0,949.0,85.92,3.0,8,0.961,22.03,433.25,-1.02,1.2404,179.1344,2.3062,609,388,325,256,154,609,713,411,35.16,22.4,18.76,14.78,8.89,41.14,23.72,45.05
1111063000,종로5.6가동,종로구,종로구,2023,5396,1066,19.76,616.0,401.0,57.79,0.0,8,0.961,11.419,1066.0,-0.94,1.2491,147.949,1.971,319,247,231,171,98,319,478,269,29.92,23.17,21.67,16.04,9.19,44.84,25.23,42.93
1111064000,이화동,종로구,종로구,2023,7096,1353,19.07,601.0,353.0,44.42,3.0,8,0.961,8.471,338.25,0.3,1.2655,142.6851,1.8276,408,319,246,219,161,408,565,380,30.16,23.58,18.18,16.19,11.9,41.76,28.09,53.21
1111065000,혜화동,종로구,종로구,2023,16197,2675,16.52,846.0,600.0,31.63,0.0,8,0.961,5.225,2675.0,0.02,1.2774,379.6717,1.6814,739,567,544,482,341,739,1111,825,27.65,21.21,20.35,18.03,12.76,41.53,30.84,34.36
1111067000,창신제1동,종로구,종로구,2023,4637,1180,25.45,813.0,497.0,68.9,1.0,8,0.961,17.535,590.0,0.15,1.2356,145.8008,2.0869,427,269,205,185,94,427,474,279,36.19,22.8,17.37,15.68,7.97,40.17,23.64,49.21
1111068000,창신제2동,종로구,종로구,2023,7682,1833,23.86,951.0,471.0,51.88,0.0,8,0.961,12.379,1833.0,1.84,1.2398,252.5059,1.883,638,437,333,260,165,638,770,425,34.81,23.84,18.17,14.18,9.0,42.01,23.19,70.27
1111069000,창신제3동,종로구,종로구,2023,6459,1269,19.65,404.0,227.0,31.84,0.0,8,0.961,6.257,1269.0,1.19,1.2511,176.4051,1.6495,453,270,223,192,131,453,493,323,35.7,21.28,17.57,15.13,10.32,38.85,25.45,57.65
1111070000,숭인제1동,종로구,종로구,2023,5783,1215,21.01,558.0,409.0,45.93,0.0,8,0.961,9.65,1215.0,0.77,1.2458,168.183,1.818,388,307,217,189,114,388,524,303,31.93,25.27,17.86,15.56,9.38,43.13,24.94,31.06
1111071000,숭인제2동,종로구,종로구,2023,9825,1704,17.34,954.0,566.0,55.99,1.0,8,0.961,9.709,852.0,0.27,1.2293,209.4727,1.9176,611,416,301,250,126,611,717,376,35.86,24.41,17.66,14.67,7.39,42.08,22.07,52.21
1114052000,소공동,중구,중구,2023,2228,261,11.71,87.0,62.0,33.33,1.0,2,1.0,3.903,130.5,0.6,1.2195,79.5724,1.626,110,61,42,28,20,110,103,48,42.15,23.37,16.09,10.73,7.66,39.46,18.39,33.88
1114054000,회현동,중구,중구,2023,4506,1267,28.12,553.0,480.0,43.65,0.0,2,1.0,12.274,1267.0,0.41,1.245,525.805,1.7884,461,290,219,160,135,461,509,297,36.44,22.92,17.31,12.65,10.67,40.17,23.44,14.16
1114055000,명동,중구,중구,2023,2728,730,26.76,199.0,167.0,27.26,4.0,2,1.0,7.295,146.0,1.49,1.2502,130.378,1.591,260,159,129,106,76,260,288,182,35.62,21.78,17.67,14.52,10.41,39.45,24.93,17.53
1114057000,필동,중구,중구,2023,3938,872,22.14,316.0,244.0,36.24,1.0,2,1.0,8.024,436.0,-0.27,1.2707,277.0126,1.7312,308,180,129,141,114,308,309,255,35.32,20.64,14.79,16.17,13.07,35.44,29.24,25.86
1114058000,장충동,중구,중구,2023,4577,851,18.59,271.0,178.0,31.84,0.0,2,1.0,5.919,851.0,-0.11,1.2618,357.9306,1.6636,268,189,157,142,95,268,346,237,31.49,22.21,18.45,16.69,11.16,40.66,27.85,42.03
1114059000,광희동,중구,중구,2023,5429,1106,20.37,475.0,364.0,42.95,2.0,2,1.0,8.749,368.67,-0.61,1.2354,273.2705,1.766,363,283,214,154,92,363,497,246,32.82,25.59,19.35,13.92,8.32,44.94,22.24,26.62
1114060500,을지로동,중구,중구,2023,1674,454,27.12,292.0,225.0,64.32,1.0,2,1.0,17.444,227.0,1.05,1.2274,139.3099,2.0169,170,113,80,54,37,170,193,91,37.44,24.89,17.62,11.89,8.15,42.51,20.04,26.07
1114061500,신당동,중구,중구,2023,7607,1479,19.44,636.0,442.0,43.0,1.0,2,1.0,8.359,739.5,0.53,1.2453,460.4497,1.7808,477,360,291,209,142,477,651,351,32.25,24.34,19.68,14.13,9.6,44.02,23.73,36.39
1114062500,다산동,중구,중구,2023,13486,2835,21.02,765.0,567.0,26.98,3.0,2,1.0,5.671,708.75,0.9,1.248,589.68,1.5847,920,654,528,464,267,920,1182,733,32.47,23.09,18.64,16.38,9.42,41.69,25.86,29.95
1114063500,약수동,중구,중구,2023,16347,4009,24.52,1204.0,867.0,30.03,0.0,2,1.0,7.363,4009.0,1.48,1.2658,1691.5307,1.6459,1280,916,707,599,504,1280,1623,1106,31.95,22.87,17.65,14.95,12.58,40.48,27.59,32.84
1114064500,청구동,중구,중구,2023,13149,2836,21.57,868.0,635.0,30.61,0.0,2,1.0,6.603,2836.0,1.26,1.2606,1191.6872,1.6465,919,621,518,453,323,919,1139,778,32.43,21.91,18.28,15.98,11.4,40.16,27.43,31.26
1114065000,신당제5동,중구,중구,2023,10127,1877,18.53,619.0,428.0,32.98,0.0,2,1.0,6.111,1877.0,0.89,1.2425,777.3908,1.6523,620,415,393,279,168,620,808,449,33.07,22.13,20.96,14.88,8.96,43.05,23.92,36.9
1114066500,동화동,중구,중구,2023,10033,1960,19.54,354.0,270.0,18.06,1.0,2,1.0,3.529,980.0,0.85,1.2631,618.919,1.4912,637,446,344,298,235,637,790,533,32.5,22.76,17.55,15.2,11.99,40.31,27.19,27.09
1114067000,황학동,중구,중구,2023,12739,2047,16.07,700.0,529.0,34.2,1.0,2,1.0,5.496,1023.5,0.03,1.2356,632.3183,1.6582,726,496,379,262,183,726,875,446,35.48,24.24,18.52,12.81,8.94,42.75,21.79,28.01
1114068000,중림동,중구,중구,2023,11987,2202,18.37,648.0,477.0,29.43,0.0,2,1.0,5.406,2202.0,1.1,1.2509,918.1606,1.619,713,521,420,305,239,713,941,548,32.44,23.7,19.11,13.88,10.87,42.73,24.89,30.64
1117051000,후암동,용산구,용산구,2023,16294,2994,18.37,954.0,768.0,31.86,0.0,2,0.983,5.853,2994.0,0.47,1.256,1253.488,1.6562,1002,691,532,416,349,1002,1223,769,33.51,23.11,17.79,13.91,11.67,40.85,25.68,21.69
1117052000,용산2가동,용산구,용산구,2023,9043,2017,22.3,573.0,490.0,28.41,0.0,2,0.983,6.335,2017.0,0.94,1.2642,849.9638,1.6234,607,496,372,295,247,607,868,542,30.09,24.59,18.44,14.63,12.25,43.03,26.87,15.65
1117053000,남영동,용산구,용산구,2023,7075,1549,21.89,969.0,785.0,62.56,0.0,2,0.983,13.694,1549.0,1.04,1.2226,631.2691,1.9875,617,370,240,204,116,617,610,322,39.88,23.92,15.51,13.19,7.5,39.38,20.79,21.06
1117055500,청파동,용산구,용산구,2023,19080,3240,16.98,1065.0,815.0,32.87,1.0,2,0.983,5.581,1620.0,0.07,1.2479,1010.799,1.6581,1066,756,613,483,320,1066,1369,805,32.92,23.35,18.93,14.92,9.88,42.25,24.85,26.75
1117056000,원효로제1동,용산구,용산구,2023,17161,2063,12.02,517.0,426.0,25.06,0.0,2,0.983,3.012,2063.0,-0.25,1.2374,850.9187,1.5475,781,484,334,265,197,781,818,464,37.89,23.48,16.21,12.86,9.56,39.65,22.49,19.36
1117057000,원효로제2동,용산구,용산구,2023,13695,2349,17.15,570.0,486.0,24.27,0.0,2,0.983,4.162,2349.0,0.27,1.2616,987.8328,1.5678,766,543,424,323,291,766,967,616,32.64,23.14,18.07,13.76,12.4,41.17,26.22,15.94
1117058000,효창동,용산구,용산구,2023,10743,1573,14.64,321.0,218.0,20.41,0.0,2,0.983,2.988,1573.0,-0.28,1.2613,661.3416,1.5187,488,355,294,262,174,488,649,436,31.02,22.57,18.69,16.66,11.06,41.26,27.72,38.69
1117059000,용문동,용산구,용산구,2023,11493,2178,18.95,532.0,382.0,24.43,0.0,2,0.983,4.629,2178.0,0.76,1.241,900.966,1.5442,683,545,413,349,186,683,958,537,31.39,25.05,18.98,16.04,8.55,43.99,24.66,33.12
1117062500,한강로동,용산구,용산구,2023,21127,3145,14.89,806.0,726.0,25.63,1.0,2,0.983,3.816,1572.5,0.21,1.2551,986.8224,1.5768,1141,684,523,428,367,1141,1207,797,36.3,21.76,16.64,13.62,11.68,38.38,25.34,10.45
1117063000,이촌제1동,용산구,용산구,2023,25022,4311,17.23,746.0,687.0,17.3,1.0,2,0.983,2.981,2155.5,0.45,1.2879,1388.0342,1.5107,1324,866,750,712,655,1324,1616,1371,30.74,20.11,17.41,16.53,15.21,37.49,31.8,8.24
1117064000,이촌제2동,용산구,용산구,2023,8003,1787,22.33,427.0,367.0,23.89,0.0,2,0.983,5.335,1787.0,0.54,1.2575,749.0508,1.5579,614,416,301,244,212,614,717,456,34.36,23.28,16.84,13.65,11.86,40.12,25.52,15.14
1117065000,이태원제1동,용산구,용산구,2023,6124,1317,21.51,375.0,327.0,28.47,1.0,2,0.983,6.124,658.5,0.44,1.2712,418.5426,1.6331,441,259,250,194,173,441,509,367,33.49,19.67,18.98,14.73,13.14,38.65,27.87,13.7
1117066000,이태원제2동,용산구,용산구,2023,8685,1824,21.0,513.0,428.0,28.12,0.0,2,0.983,5.905,1824.0,0.89,1.271,772.768,1.6284,548,378,344,337,216,548,722,554,30.06,20.74,18.87,18.49,11.85,39.58,30.37,18.12
1117068500,한남동,용산구,용산구,2023,19398,3595,18.53,856.0,823.0,23.81,1.0,2,0.983,4.412,1797.5,0.21,1.2473,1121.0109,1.5443,1268,805,632,531,358,1268,1437,890,35.28,22.4,17.58,14.77,9.96,39.97,24.76,3.93
1117069000,서빙고동,용산구,용산구,2023,12540,2130,16.99,483.0,425.0,22.68,0.0,2,0.983,3.853,2130.0,0.71,1.3032,925.272,1.5988,694,407,312,334,382,694,719,717,32.6,19.12,14.65,15.69,17.94,33.76,33.66,12.79
1117070000,보광동,용산구,용산구,2023,12692,2657,20.93,791.0,687.0,29.77,0.0,2,0.983,6.231,2657.0,0.9,1.2512,1108.1461,1.6237,909,589,489,396,274,909,1078,670,34.21,22.17,18.4,14.9,10.31,40.57,25.22,14.1
1120052000,왕십리제2동,성동구,성동구,2023,16299,2659,16.31,690.0,631.0,25.95,0.0,4,0.909,4.232,2659.0,0.65,1.2372,657.943,1.5583,925,669,468,359,238,925,1137,597,34.79,25.16,17.6,13.5,8.95,42.76,22.45,8.94
1120053500,왕십리도선동,성동구,성동구,2023,26401,3952,14.97,1002.0,869.0,25.35,4.0,4,0.909,3.795,790.4,0.5,1.2477,547.8789,1.564,1372,918,682,580,399,1372,1600,980,34.73,23.23,17.26,14.68,10.1,40.49,24.8,14.24
1120054000,마장동,성동구,성동구,2023,22014,4067,18.47,1070.0,816.0,26.31,0.0,4,0.909,4.859,4067.0,0.74,1.2437,1011.6256,1.5709,1395,953,745,588,385,1395,1698,974,34.31,23.44,18.32,14.46,9.47,41.75,23.95,27.1
1120055000,사근동,성동구,성동구,2023,12000,1524,12.7,406.0,331.0,26.64,1.0,4,0.909,3.383,762.0,-0.07,1.2539,318.4906,1.5879,430,354,331,267,142,430,685,409,28.22,23.23,21.72,17.52,9.32,44.95,26.84,20.42
1120056000,행당제1동,성동구,성동구,2023,13700,2206,16.1,500.0,581.0,22.67,3.0,4,0.909,3.65,551.5,0.59,1.2421,342.5091,1.5237,731,515,428,319,208,731,943,532,33.21,23.4,19.45,14.49,9.45,42.75,24.12,-15.01
1120057000,행당제2동,성동구,성동구,2023,22975,4037,17.57,928.0,706.0,22.99,0.0,4,0.909,4.039,4037.0,0.93,1.242,1002.7908,1.5275,1324,967,794,582,368,1324,1761,952,32.81,23.97,19.68,14.42,9.12,43.62,23.58,27.34
1120058000,응봉동,성동구,성동구,2023,14997,2548,16.99,511.0,466.0,20.05,0.0,4,0.909,3.406,2548.0,0.2,1.2527,638.3759,1.5039,788,600,511,390,259,788,1111,649,30.93,23.55,20.05,15.31,10.16,43.6,25.47,9.22
1120059000,금호1가동,성동구,성동구,2023,15006,2765,18.43,759.0,577.0,27.45,0.0,4,0.909,5.059,2765.0,0.91,1.2433,687.5449,1.5846,971,663,482,375,273,971,1145,649,35.13,23.99,17.44,13.57,9.88,41.41,23.47,27.42
1120061500,금호2.3가동,성동구,성동구,2023,22202,4016,18.09,947.0,852.0,23.58,1.0,4,0.909,4.266,2008.0,0.88,1.24,829.9733,1.5324,1381,917,750,606,356,1381,1667,968,34.44,22.87,18.7,15.11,8.88,41.51,24.1,10.57
1120062000,금호4가동,성동구,성동구,2023,14177,2537,17.9,694.0,512.0,27.36,0.0,4,0.909,4.897,2537.0,0.99,1.2415,629.9371,1.5812,883,595,481,330,246,883,1076,578,34.83,23.47,18.97,13.02,9.7,42.41,22.78,30.41
1120064500,옥수동,성동구,성동구,2023,25534,4325,16.94,851.0,698.0,19.68,0.0,4,0.909,3.334,4325.0,1.05,1.245,1076.925,1.49,1535,998,782,566,442,1535,1780,1010,35.51,23.09,18.09,13.09,10.22,41.16,23.35,19.82
1120065000,성수1가제1동,성동구,성동구,2023,15904,2391,15.03,603.0,489.0,25.22,0.0,4,0.909,3.791,2391.0,1.05,1.2252,585.8906,1.5342,965,541,402,286,194,965,943,483,40.41,22.65,16.83,11.98,8.12,39.44,20.2,20.96
1120066000,성수1가제2동,성동구,성동구,2023,12149,1986,16.35,460.0,455.0,23.16,0.0,4,0.909,3.787,1986.0,0.86,1.2339,490.1051,1.5197,718,466,370,265,167,718,836,432,36.15,23.46,18.63,13.34,8.41,42.09,21.75,1.09
1120067000,성수2가제1동,성동구,성동구,2023,15109,2943,19.48,891.0,776.0,30.28,0.0,4,0.909,5.899,2943.0,1.11,1.2252,721.1527,1.5962,1140,684,508,387,222,1140,1192,611,38.76,23.26,17.27,13.16,7.55,40.5,20.76,13.82
1120069000,성수2가제3동,성동구,성동구,2023,10263,1835,17.88,393.0,375.0,21.42,4.0,4,0.909,3.83,367.0,0.03,1.2391,252.6387,1.5045,631,416,369,252,165,631,785,419,34.42,22.7,20.13,13.75,9.0,42.78,22.83,4.69
1120072000,송정동,성동구,성동구,2023,10033,1855,18.49,587.0,462.0,31.64,2.0,4,0.909,5.85,618.33,1.12,1.2249,324.5985,1.6125,710,445,337,219,144,710,782,363,38.27,23.99,18.17,11.81,7.76,42.16,19.57,23.95
1120079000,용답동,성동구,성동구,2023,11711,2205,18.83,849.0,717.0,38.5,7.0,4,0.909,7.25,275.62,0.23,1.245,228.7688,1.7243,721,491,453,339,200,721,944,540,32.71,22.28,20.55,15.38,9.07,42.81,24.49,16.9
1121571000,화양동,광진구,광진구,2023,23434,2345,10.01,682.0,523.0,29.08,5.0,8,0.967,2.911,390.83,0.16,1.2396,207.633,1.6001,804,561,436,332,211,804,997,544,34.3,23.93,18.6,14.16,9.0,42.52,23.2,26.54
1121573000,군자동,광진구,광진구,2023,19425,3178,16.36,927.0,681.0,29.17,0.0,8,0.967,4.772,3178.0,0.92,1.2343,435.845,1.5943,1121,737,620,436,263,1121,1357,700,35.28,23.2,19.52,13.72,8.28,42.7,22.03,30.84
1121574000,중곡제1동,광진구,광진구,2023,15385,2645,17.19,759.0,521.0,28.7,0.0,8,0.967,4.934,2645.0,0.71,1.2255,360.1608,1.5772,975,601,521,365,183,975,1122,548,36.86,22.72,19.7,13.8,6.92,42.42,20.72,37.63
1121575000,중곡제2동,광진구,광진구,2023,20959,3445,16.44,921.0,648.0,26.73,0.0,8,0.967,4.394,3445.0,0.96,1.2237,468.4052,1.5508,1229,891,631,444,249,1229,1522,694,35.69,25.87,18.32,12.89,7.23,44.18,20.15,35.16
1121576000,중곡제3동,광진구,광진구,2023,15955,2957,18.53,992.0,666.0,33.55,1.0,8,0.967,6.217,1478.5,0.57,1.2282,363.1787,1.6403,1021,737,568,412,218,1021,1305,631,34.54,24.93,19.22,13.94,7.37,44.13,21.34,39.84
1121577000,중곡제4동,광진구,광진구,2023,27919,5451,19.52,1354.0,1082.0,24.84,0.0,8,0.967,4.849,5451.0,1.19,1.2237,741.1543,1.5277,1965,1377,1017,696,394,1965,2394,1092,36.06,25.27,18.66,12.77,7.23,43.92,20.03,22.43
1121578000,능동,광진구,광진구,2023,11171,1688,15.11,408.0,282.0,24.17,3.0,8,0.967,3.652,422.0,0.48,1.2333,173.4842,1.5314,589,390,314,267,127,589,704,395,34.91,23.12,18.61,15.83,7.53,41.71,23.4,36.94
1121581000,광장동,광진구,광진구,2023,34073,4029,11.82,618.0,522.0,15.34,0.0,8,0.967,1.813,4029.0,0.77,1.261,564.5077,1.4544,1462,882,618,552,511,1462,1500,1067,36.32,21.91,15.35,13.71,12.7,37.23,26.48,16.88
1121582000,자양제1동,광진구,광진구,2023,21906,3661,16.71,1147.0,765.0,31.33,1.0,8,0.967,5.235,1830.5,0.99,1.2345,451.9504,1.6213,1284,879,669,532,297,1284,1548,829,35.07,24.01,18.27,14.53,8.11,42.28,22.64,40.5
1121583000,자양제2동,광진구,광진구,2023,23818,4215,17.7,908.0,634.0,21.54,1.0,8,0.967,3.813,2107.5,1.13,1.219,513.8085,1.4816,1631,1036,760,486,300,1631,1796,788,38.71,24.59,18.04,11.54,7.12,42.61,18.7,35.92
1121584000,자양제3동,광진구,광진구,2023,27536,4515,16.4,862.0,700.0,19.09,0.0,8,0.967,3.131,4515.0,1.04,1.2538,628.9897,1.4932,1677,1016,700,586,534,1677,1716,1122,37.16,22.51,15.51,12.98,11.83,38.01,24.85,20.82
1121584700,자양제4동,광진구,광진구,2023,17986,3800,21.13,1220.0,874.0,32.11,3.0,8,0.967,6.785,950.0,0.8,1.2266,388.4233,1.6205,1379,938,684,516,282,1379,1622,799,36.3,24.69,18.0,13.58,7.42,42.68,21.03,33.35
1121585000,구의제1동,광진구,광진구,2023,23414,3330,14.22,943.0,640.0,28.32,2.0,8,0.967,4.027,1110.0,0.11,1.2373,374.5645,1.5877,1156,803,615,460,294,1156,1418,756,34.74,24.13,18.48,13.82,8.83,42.58,22.7,38.76
1121586000,구의제2동,광진구,광진구,2023,25878,4534,17.52,1126.0,918.0,24.83,1.0,8,0.967,4.35,2267.0,0.91,1.2296,557.5006,1.5349,1623,1111,845,583,368,1623,1956,955,35.83,24.53,18.65,12.87,8.12,43.14,21.06,20.42
1121587000,구의제3동,광진구,광진구,2023,28212,4417,15.66,790.0,801.0,17.89,0.0,8,0.967,2.802,4417.0,1.07,1.2371,607.1412,1.4584,1610,1054,766,575,409,1610,1820,987,36.47,23.88,17.35,13.03,9.27,41.2,22.35,-1.38
1123053600,용신동,동대문구,동대문구,2023,34925,6137,17.57,2207.0,1767.0,35.96,0.0,7,0.955,6.318,6137.0,-0.26,1.2461,955.9145,1.6942,2058,1412,1147,940,579,2058,2559,1520,33.54,23.01,18.69,15.32,9.44,41.7,24.77,22.24
1123054500,제기동,동대문구,동대문구,2023,24138,5866,24.3,2001.0,1770.0,34.11,2.0,7,0.955,8.289,1955.33,0.8,1.2506,733.602,1.6772,1805,1417,1137,913,588,1805,2554,1507,30.8,24.18,19.4,15.58,10.03,43.54,25.69,12.27
1123056000,전농제1동,동대문구,동대문구,2023,28728,5818,20.25,1991.0,1788.0,34.22,1.0,7,0.955,6.93,2909.0,0.8,1.2421,802.9486,1.6671,1993,1321,1127,834,538,1993,2448,1377,34.29,22.72,19.39,14.35,9.26,42.08,23.67,10.75
1123057000,전농제2동,동대문구,동대문구,2023,18123,3818,21.07,906.0,705.0,23.73,0.0,7,0.955,5.0,3818.0,1.1,1.2462,594.749,1.5419,1271,862,726,602,355,1271,1588,959,33.31,22.59,19.03,15.78,9.3,41.59,25.12,25.08
1123060000,답십리제1동,동대문구,동대문구,2023,28111,4195,14.92,1037.0,916.0,24.72,3.0,7,0.955,3.688,1048.75,0.77,1.2384,472.2807,1.5445,1458,983,787,584,378,1458,1770,967,34.8,23.46,18.78,13.94,9.02,42.19,23.05,12.41
1123061000,답십리제2동,동대문구,동대문구,2023,27753,5817,20.96,1464.0,1155.0,25.17,3.0,7,0.955,5.276,1454.25,1.1,1.2425,657.0566,1.5552,1969,1388,1078,843,538,1969,2466,1382,33.85,23.87,18.54,14.49,9.25,42.39,23.76,23.71
1123065000,장안제1동,동대문구,동대문구,2023,38015,6863,18.05,1676.0,1185.0,24.42,4.0,7,0.955,4.408,1372.6,0.91,1.2192,697.2808,1.5169,2512,1769,1278,818,480,2512,3047,1304,36.63,25.8,18.64,11.93,7.0,44.4,19.0,34.67
1123066000,장안제2동,동대문구,동대문구,2023,32342,5483,16.95,1339.0,963.0,24.42,8.0,7,0.955,4.139,609.22,0.72,1.221,418.4214,1.5192,2060,1360,1019,646,396,2060,2379,1044,37.58,24.81,18.59,11.79,7.22,43.39,19.04,32.96
1123070500,청량리동,동대문구,동대문구,2023,18620,5480,29.43,2095.0,1678.0,38.23,3.0,7,0.955,11.251,1370.0,1.46,1.2477,621.5815,1.7247,1809,1257,1088,787,539,1809,2345,1326,33.01,22.94,19.85,14.36,9.84,42.79,24.2,22.2
1123071000,회기동,동대문구,동대문구,2023,10533,1557,14.78,465.0,418.0,29.87,3.0,7,0.955,4.415,389.25,0.05,1.2671,179.3522,1.6456,452,332,303,294,174,452,635,470,29.07,21.35,19.49,18.91,11.19,40.78,30.19,10.66
1123072000,휘경제1동,동대문구,동대문구,2023,14016,2179,15.55,506.0,608.0,23.22,0.0,7,0.955,3.611,2179.0,0.37,1.2495,340.3326,1.5396,676,551,421,308,223,676,972,531,31.02,25.29,19.32,14.13,10.23,44.61,24.37,-18.36
1123073000,휘경제2동,동대문구,동대문구,2023,24363,4150,17.03,976.0,763.0,23.52,2.0,7,0.955,4.005,1383.33,0.39,1.2347,512.4005,1.5251,1404,1055,766,580,345,1404,1821,925,33.83,25.42,18.46,13.98,8.31,43.88,22.29,24.62
1123074000,이문제1동,동대문구,동대문구,2023,17995,3223,17.91,895.0,1113.0,27.77,0.0,7,0.955,4.974,3223.0,0.36,1.2601,507.6628,1.61,952,701,660,579,330,952,1361,910,29.55,21.76,20.48,17.97,10.24,42.23,28.23,-21.8
1123075000,이문제2동,동대문구,동대문구,2023,19631,4154,21.16,1067.0,795.0,25.69,0.0,7,0.955,5.436,4154.0,1.08,1.239,643.3508,1.5573,1335,1017,838,611,352,1335,1855,964,32.15,24.49,20.18,14.71,8.48,44.66,23.21,29.43
1126052000,면목제2동,중랑구,중랑구,2023,23839,4828,20.25,1643.0,1185.0,34.03,2.0,11,0.964,6.891,1609.33,1.11,1.2311,424.5536,1.65,1736,1158,897,653,384,1736,2055,1037,35.96,23.99,18.58,13.53,7.95,42.56,21.48,32.68
1126054000,면목제4동,중랑구,중랑구,2023,18397,3946,21.45,1213.0,865.0,30.74,0.0,11,0.964,6.594,3946.0,1.17,1.2175,400.3546,1.5918,1347,1017,793,569,219,1347,1810,789,34.14,25.78,20.1,14.42,5.55,45.87,19.99,33.81
1126055000,면목제5동,중랑구,중랑구,2023,14674,2404,16.38,630.0,411.0,26.21,1.0,11,0.964,4.293,1202.0,1.17,1.2235,226.2534,1.5442,915,592,405,319,173,915,997,492,38.06,24.63,16.85,13.27,7.2,41.47,20.47,42.71
1126056500,면목본동,중랑구,중랑구,2023,33121,6374,19.24,2187.0,1593.0,34.31,0.0,11,0.964,6.601,6374.0,0.89,1.2271,651.7946,1.6481,2232,1635,1169,858,478,2232,2804,1338,35.03,25.66,18.35,13.47,7.5,43.99,20.99,31.69
1126057000,면목제7동,중랑구,중랑구,2023,21514,4509,20.96,1191.0,857.0,26.41,1.0,11,0.964,5.536,2254.5,0.95,1.2266,425.4415,1.5505,1614,1145,855,543,352,1614,2000,895,35.8,25.39,18.96,12.04,7.81,44.36,19.85,32.91
1126057500,면목제3.8동,중랑구,중랑구,2023,24381,5235,21.47,1686.0,1158.0,32.21,2.0,11,0.964,6.915,1745.0,0.97,1.2265,458.6234,1.6216,1934,1256,961,687,395,1934,2217,1084,36.96,24.0,18.36,13.13,7.55,42.35,20.71,37.57
1126058000,상봉제1동,중랑구,중랑구,2023,23456,4037,17.21,1147.0,766.0,28.41,1.0,11,0.964,4.889,2018.5,1.12,1.2297,381.8691,1.5791,1549,920,688,562,317,1549,1608,880,38.38,22.79,17.05,13.92,7.85,39.83,21.8,40.37
1126059000,상봉제2동,중랑구,중랑구,2023,20242,3097,15.3,1111.0,915.0,35.87,3.0,11,0.964,5.488,774.25,0.22,1.2289,253.7269,1.6697,1117,777,543,403,253,1117,1320,660,36.11,25.12,17.56,13.03,8.18,42.62,21.31,19.41
1126060000,중화제1동,중랑구,중랑구,2023,19061,3866,20.28,971.0,700.0,25.12,1.0,11,0.964,5.094,1933.0,1.24,1.2163,361.7089,1.5218,1450,996,694,481,245,1450,1690,726,37.51,25.76,17.95,12.44,6.34,43.71,18.78,32.72
1126061000,중화제2동,중랑구,중랑구,2023,24371,5209,21.37,1947.0,1462.0,37.38,0.0,11,0.964,7.988,5209.0,1.09,1.2325,535.0077,1.6932,1902,1226,936,723,422,1902,2162,1145,36.51,23.54,17.97,13.88,8.1,41.51,21.98,28.65
1126062000,묵제1동,중랑구,중랑구,2023,34077,6201,18.2,1300.0,880.0,20.96,2.0,11,0.964,3.815,2067.0,0.77,1.231,545.2451,1.489,2194,1539,1144,814,507,2194,2683,1324,35.4,24.83,18.46,13.13,8.18,43.27,21.35,39.02
1126063000,묵제2동,중랑구,중랑구,2023,18385,3783,20.58,1067.0,715.0,28.21,0.0,11,0.964,5.806,3783.0,1.17,1.2237,385.7714,1.5689,1385,946,671,510,269,1385,1617,781,36.63,25.02,17.75,13.49,7.11,42.74,20.64,40.03
1126065500,망우본동,중랑구,중랑구,2023,35571,6869,19.31,2289.0,1357.0,33.32,9.0,11,0.964,6.434,686.9,0.66,1.2313,402.7524,1.6416,2570,1663,1170,877,586,2570,2833,1466,37.43,24.22,17.04,12.77,8.53,41.24,21.34,52.28
1126066000,망우제3동,중랑구,중랑구,2023,15941,3544,22.23,1271.0,871.0,35.86,1.0,11,0.964,7.972,1772.0,1.21,1.2327,336.053,1.6747,1284,882,635,429,313,1284,1517,743,36.24,24.89,17.92,12.11,8.83,42.8,20.97,37.79
1126068000,신내1동,중랑구,중랑구,2023,38129,7304,19.16,1475.0,942.0,20.19,2.0,11,0.964,3.868,2434.67,1.26,1.2401,646.9779,1.4905,2596,1738,1312,953,700,2596,3050,1658,35.57,23.81,17.98,13.06,9.59,41.76,22.7,44.84
1126069000,신내2동,중랑구,중랑구,2023,19970,4323,21.65,1310.0,889.0,30.3,1.0,11,0.964,6.56,2161.5,1.37,1.2387,411.9154,1.614,1583,1019,751,546,419,1583,1770,970,36.66,23.6,17.39,12.64,9.7,40.94,22.44,38.77
1129052500,성북동,성북구,성북구,2023,16246,3082,18.97,819.0,741.0,26.57,0.0,19,0.851,5.04,3082.0,0.45,1.273,196.1693,1.6112,955,636,584,501,402,955,1220,907,31.03,20.66,18.97,16.28,13.06,39.58,29.43,10.01
1129055500,삼선동,성북구,성북구,2023,22433,4041,18.01,1148.0,1103.0,28.41,0.0,19,0.851,5.117,4041.0,0.6,1.2567,253.9162,1.6137,1255,879,811,675,418,1255,1690,1096,31.08,21.77,20.08,16.72,10.35,41.82,27.12,4.0
1129057500,동선동,성북구,성북구,2023,15077,2185,14.49,649.0,644.0,29.7,3.0,19,0.851,4.304,546.25,-0.28,1.257,119.415,1.6303,635,491,469,364,224,635,960,590,29.09,22.49,21.48,16.67,10.26,43.94,27.0,0.77
1129058000,돈암제1동,성북구,성북구,2023,14404,3015,20.93,744.0,611.0,24.68,1.0,19,0.851,5.166,1507.5,1.06,1.2432,178.488,1.55,1011,749,529,440,285,1011,1278,726,33.54,24.85,17.55,14.6,9.46,42.39,24.08,19.69
1129059000,돈암제2동,성북구,성북구,2023,23490,3687,15.7,629.0,501.0,17.06,0.0,19,0.851,2.678,3687.0,0.81,1.2547,231.3039,1.4688,1253,857,630,538,409,1253,1487,947,33.98,23.24,17.09,14.59,11.09,40.33,25.68,22.75
1129060000,안암동,성북구,성북구,2023,15096,2126,14.08,650.0,603.0,30.57,1.0,19,0.851,4.304,1063.0,-0.02,1.2609,127.6511,1.6464,653,470,424,337,240,653,894,579,30.74,22.13,19.96,15.87,11.3,42.05,27.23,7.51
1129061000,보문동,성북구,성북구,2023,16303,2601,15.95,773.0,676.0,29.72,3.0,19,0.851,4.74,650.25,0.33,1.2426,140.5219,1.6119,883,627,490,349,251,883,1117,601,33.96,24.12,18.85,13.42,9.65,42.95,23.11,13.41
1129062000,정릉제1동,성북구,성북구,2023,17940,3233,18.02,661.0,580.0,20.45,1.0,19,0.851,3.685,1616.5,0.68,1.2472,192.0094,1.5023,1045,756,620,506,305,1045,1376,812,32.33,23.39,19.18,15.66,9.44,42.56,25.12,13.07
1129063000,정릉제2동,성북구,성북구,2023,22675,4679,20.64,1078.0,912.0,23.04,2.0,19,0.851,4.755,1559.67,1.25,1.2422,264.1934,1.5284,1591,1114,862,684,428,1591,1976,1112,34.0,23.81,18.42,14.62,9.15,42.23,23.77,16.72
1129064000,정릉제3동,성북구,성북구,2023,15142,3399,22.45,1012.0,914.0,29.77,0.0,19,0.851,6.683,3399.0,0.65,1.2549,213.2703,1.6285,1063,762,679,545,349,1063,1441,895,31.28,22.42,19.98,16.04,10.27,42.39,26.33,10.19
1129065000,정릉제4동,성북구,성북구,2023,24415,5012,20.53,1281.0,1076.0,25.56,0.0,19,0.851,5.247,5012.0,0.84,1.2404,310.8442,1.5574,1671,1208,934,759,438,1671,2142,1199,33.35,24.11,18.64,15.15,8.74,42.74,23.92,17.44
1129066000,길음제1동,성북구,성북구,2023,34796,4839,13.91,935.0,817.0,19.32,0.0,19,0.851,2.687,4839.0,0.74,1.2386,299.6793,1.4779,1610,1144,959,710,413,1610,2103,1126,33.29,23.66,19.83,14.68,8.54,43.46,23.27,13.49
1129068500,길음제2동,성북구,성북구,2023,21621,3136,14.5,706.0,554.0,22.51,4.0,19,0.851,3.264,627.2,0.19,1.2332,161.1381,1.5108,1118,814,527,400,276,1118,1341,677,35.66,25.96,16.81,12.76,8.8,42.76,21.59,24.25
1129070500,종암동,성북구,성북구,2023,38129,7015,18.4,1856.0,1600.0,26.46,3.0,19,0.851,4.869,1753.75,0.72,1.2626,385.093,1.5967,2223,1593,1285,1062,844,2223,2878,1914,31.73,22.73,18.34,15.16,12.05,41.03,27.28,14.84
1129071500,월곡제1동,성북구,성북구,2023,25955,4947,19.06,1211.0,1003.0,24.48,1.0,19,0.851,4.666,2473.5,0.9,1.2365,291.2841,1.5392,1662,1216,945,711,413,1662,2161,1124,33.6,24.58,19.1,14.37,8.35,43.68,22.72,18.85
1129072500,월곡제2동,성북구,성북구,2023,19188,3742,19.5,948.0,734.0,25.33,0.0,19,0.851,4.939,3742.0,0.75,1.2446,232.8647,1.5599,1251,905,674,556,355,1251,1579,912,33.44,24.19,18.02,14.86,9.49,42.2,24.37,25.58
1129076000,장위제1동,성북구,성북구,2023,23801,4230,17.77,1226.0,921.0,28.98,0.0,19,0.851,5.15,4230.0,0.96,1.2294,260.0181,1.5857,1539,1002,766,598,323,1539,1768,923,36.4,23.7,18.12,14.14,7.64,41.8,21.82,28.61
1129077000,장위제2동,성북구,성북구,2023,13372,3161,23.64,922.0,797.0,29.17,1.0,19,0.851,6.896,1580.5,0.86,1.2378,186.3184,1.5989,1050,787,585,466,271,1050,1372,739,33.24,24.91,18.52,14.75,8.58,43.4,23.38,14.57
1129078000,장위제3동,성북구,성북구,2023,15727,2209,14.05,522.0,492.0,23.63,1.0,19,0.851,3.32,1104.5,0.5,1.2229,128.6374,1.5119,847,538,382,282,160,847,920,442,38.34,24.35,17.29,12.77,7.24,41.65,20.01,5.92
1129081000,석관동,성북구,성북구,2023,34360,7518,21.88,1993.0,1419.0,26.51,1.0,19,0.851,5.8,3759.0,1.2,1.2354,442.2732,1.5629,2513,1814,1489,1093,607,2513,3303,1702,33.44,24.14,19.81,14.54,8.08,43.93,22.64,33.97
1130553400,삼양동,강북구,강북구,2023,22848,5060,22.15,1625.0,1424.0,32.11,0.0,10,0.852,7.112,5060.0,1.1,1.2339,567.594,1.6301,1718,1236,966,738,401,1718,2202,1140,33.96,24.43,19.09,14.59,7.93,43.52,22.53,13.2
1130553500,미아동,강북구,강북구,2023,21155,4638,21.92,1601.0,1202.0,34.52,4.0,10,0.852,7.567,927.6,0.7,1.2408,383.6554,1.6691,1523,1139,857,715,403,1523,1996,1119,32.84,24.56,18.48,15.42,8.69,43.04,24.13,28.66
1130554500,송중동,강북구,강북구,2023,29215,6234,21.34,1700.0,1380.0,27.27,4.0,10,0.852,5.819,1246.8,0.82,1.2304,511.3542,1.5659,2150,1554,1177,875,477,2150,2731,1353,34.49,24.93,18.88,14.04,7.65,43.81,21.7,20.85
1130555500,송천동,강북구,강북구,2023,25521,6304,24.7,2146.0,1702.0,34.04,5.0,10,0.852,8.408,1050.67,1.13,1.2349,486.5506,1.6553,2091,1563,1203,935,508,2091,2766,1447,33.19,24.81,19.1,14.84,8.06,43.88,22.95,23.18
1130557500,삼각산동,강북구,강북구,2023,30756,4748,15.44,1178.0,900.0,24.81,0.0,10,0.852,3.831,4748.0,0.9,1.2393,534.9269,1.5468,1601,1160,894,665,426,1601,2054,1093,33.73,24.44,18.84,14.01,8.98,43.26,23.02,26.92
1130559500,번1동,강북구,강북구,2023,18099,3815,21.08,1207.0,927.0,31.64,6.0,10,0.852,6.67,545.0,1.01,1.2358,277.3281,1.6268,1234,939,787,540,313,1234,1726,855,32.36,24.63,20.64,14.16,8.21,45.24,22.41,26.39
1130560300,번2동,강북구,강북구,2023,15256,4132,27.08,1352.0,936.0,32.72,0.0,10,0.852,8.861,4132.0,1.48,1.2355,464.0987,1.6398,1251,1033,892,643,311,1251,1925,956,30.29,25.01,21.6,15.57,7.53,46.59,23.14,36.77
1130560800,번3동,강북구,강북구,2023,16300,4794,29.41,1695.0,1127.0,35.36,1.0,10,0.852,10.399,2397.0,1.36,1.2413,495.8994,1.6802,1247,1231,1145,801,367,1247,2376,1171,26.03,25.69,23.9,16.72,7.66,49.56,24.43,40.81
1130561500,수유1동,강북구,강북구,2023,20251,4587,22.65,1449.0,1173.0,31.59,0.0,10,0.852,7.155,4587.0,1.0,1.2416,517.7472,1.6338,1504,1103,905,661,413,1504,2008,1075,32.8,24.05,19.73,14.41,9.01,43.78,23.44,21.13
1130562500,수유2동,강북구,강북구,2023,20863,5163,24.75,1318.0,979.0,25.53,0.0,10,0.852,6.319,5163.0,1.34,1.2548,588.9575,1.5752,1625,1211,976,811,540,1625,2187,1351,31.47,23.46,18.9,15.71,10.46,42.36,26.17,29.73
1130563500,수유3동,강북구,강북구,2023,23017,4828,20.98,1586.0,1148.0,32.85,1.0,10,0.852,6.892,2414.0,0.64,1.2396,498.7324,1.6468,1585,1173,937,709,421,1585,2110,1133,32.85,24.31,19.42,14.69,8.73,43.7,23.47,32.32
1130564500,우이동,강북구,강북구,2023,20195,5023,24.87,1416.0,1123.0,28.19,0.0,10,0.852,7.011,5023.0,1.06,1.2515,571.4804,1.6043,1607,1133,974,818,490,1607,2107,1309,32.0,22.56,19.39,16.29,9.76,41.95,26.06,23.18
1130566000,인수동,강북구,강북구,2023,29643,7276,24.55,2125.0,1632.0,29.21,6.0,10,0.852,7.171,1039.43,1.32,1.2438,532.3464,1.6071,2373,1774,1374,1070,681,2373,3148,1755,32.63,24.39,18.89,14.71,9.36,43.27,24.12,26.4
1132051100,창제1동,도봉구,도봉구,2023,24309,4923,20.25,1223.0,902.0,24.84,0.0,21,0.909,5.03,4923.0,1.36,1.2449,278.5747,1.5541,1710,1100,910,731,469,1710,2010,1203,34.76,22.36,18.5,14.86,9.53,40.83,24.44,30.44
1132051200,창제2동,도봉구,도봉구,2023,28567,5543,19.4,1294.0,904.0,23.34,2.0,21,0.909,4.528,1847.67,1.05,1.2358,285.4183,1.5242,1886,1370,1033,780,471,1886,2403,1254,34.04,24.73,18.65,14.08,8.5,43.35,22.62,35.87
1132051300,창제3동,도봉구,도봉구,2023,13454,3069,22.81,906.0,688.0,29.52,0.0,21,0.909,6.734,3069.0,1.35,1.233,172.0035,1.597,1013,745,606,469,233,1013,1351,705,33.04,24.3,19.77,15.3,7.6,44.02,22.97,27.53
1132051400,창제4동,도봉구,도봉구,2023,25916,4570,17.63,945.0,744.0,20.68,0.0,21,0.909,3.646,4570.0,1.26,1.2522,260.1161,1.5112,1672,1003,768,616,511,1672,1771,1127,36.59,21.95,16.81,13.48,11.18,38.75,24.66,23.91
1132051500,창제5동,도봉구,도봉구,2023,24177,4694,19.42,981.0,706.0,20.9,3.0,21,0.909,4.059,1173.5,1.34,1.2413,233.0665,1.5007,1730,1112,751,638,460,1730,1863,1101,36.88,23.7,16.01,13.6,9.81,39.69,23.46,32.9
1132052100,도봉제1동,도봉구,도봉구,2023,20418,5998,29.38,1911.0,1312.0,31.86,3.0,21,0.909,9.36,1499.5,1.64,1.2404,297.5968,1.6356,1911,1445,1233,897,511,1911,2678,1409,31.87,24.1,20.56,14.96,8.52,44.65,23.49,37.61
1132052200,도봉제2동,도봉구,도봉구,2023,26132,6871,26.29,1681.0,1195.0,24.47,0.0,21,0.909,6.433,6871.0,1.86,1.2379,386.6187,1.5408,2370,1703,1237,935,622,2370,2940,1561,34.51,24.8,18.01,13.62,9.06,42.79,22.72,34.12
1132066000,쌍문제1동,도봉구,도봉구,2023,20968,4762,22.71,1144.0,838.0,24.02,4.0,21,0.909,5.455,952.4,0.84,1.2456,228.1364,1.5448,1555,1090,932,755,430,1555,2022,1185,32.65,22.89,19.57,15.85,9.03,42.46,24.88,31.13
1132067000,쌍문제2동,도봉구,도봉구,2023,18259,4077,22.33,1220.0,844.0,29.92,3.0,21,0.909,6.681,1019.25,1.26,1.2473,203.4097,1.6205,1432,950,701,575,418,1432,1651,994,35.13,23.31,17.2,14.11,10.26,40.5,24.38,36.85
1132068000,쌍문제3동,도봉구,도봉구,2023,16757,3547,21.17,974.0,665.0,27.46,1.0,21,0.909,5.813,1773.5,0.25,1.235,190.4585,1.5741,1131,875,713,552,273,1131,1588,828,31.91,24.69,20.12,15.58,7.7,44.77,23.34,38.16
1132068100,쌍문제4동,도봉구,도봉구,2023,18308,3318,18.12,645.0,438.0,19.44,0.0,21,0.909,3.523,3318.0,1.34,1.2369,186.547,1.4774,1323,733,498,459,304,1323,1231,764,39.89,22.1,15.01,13.84,9.16,37.1,23.03,38.7
1132069000,방학제1동,도봉구,도봉구,2023,28119,6230,22.16,1666.0,1159.0,26.74,5.0,21,0.909,5.926,1038.33,1.34,1.2288,283.5342,1.5574,2205,1515,1189,833,483,2205,2704,1321,35.42,24.34,19.1,13.38,7.76,43.4,21.2,36.29
1132070000,방학제2동,도봉구,도봉구,2023,19032,4640,24.38,1548.0,1073.0,33.36,1.0,21,0.909,8.133,2320.0,1.84,1.2386,249.8741,1.6518,1598,1066,859,735,381,1598,1925,1117,34.45,22.98,18.52,15.84,8.21,41.49,24.07,36.65
1132071000,방학제3동,도봉구,도봉구,2023,26437,5459,20.65,998.0,693.0,18.28,2.0,21,0.909,3.775,1819.67,1.59,1.2468,283.595,1.4747,2082,1269,815,685,605,2082,2084,1293,38.16,23.26,14.94,12.55,11.09,38.18,23.69,36.47
1135056000,월계1동,노원구,노원구,2023,20910,4315,20.64,1374.0,905.0,31.84,2.0,12,0.814,6.572,1438.33,0.92,1.2361,355.5848,1.6297,1413,1133,820,566,381,1413,1953,949,32.76,26.27,19.01,13.12,8.83,45.26,21.99,41.75
1135057000,월계2동,노원구,노원구,2023,25947,6104,23.52,3183.0,1495.0,52.15,0.0,12,0.814,12.266,6104.0,1.24,1.2376,581.1008,1.883,2128,1536,1076,793,567,2128,2612,1364,34.89,25.18,17.64,13.0,9.3,42.79,22.35,75.57
1135058000,월계3동,노원구,노원구,2023,29106,6434,22.11,2613.0,1288.0,40.61,0.0,12,0.814,8.979,6434.0,1.33,1.2394,613.4077,1.7427,2247,1514,1177,911,581,2247,2691,1496,34.95,23.55,18.3,14.17,9.04,41.82,23.25,70.74
1135059500,공릉1동,노원구,노원구,2023,36422,6933,19.04,1480.0,1463.0,21.35,8.0,12,0.814,4.065,770.33,0.93,1.2278,405.3494,1.4899,2576,1729,1210,853,563,2576,2939,1418,37.17,24.95,17.46,12.31,8.12,42.39,20.45,1.16
1135060000,공릉2동,노원구,노원구,2023,41817,5965,14.26,2407.0,903.0,40.35,1.0,12,0.814,5.754,2982.5,0.67,1.2304,524.2383,1.7269,2255,1439,1029,726,513,2255,2468,1242,37.82,24.14,17.26,12.18,8.6,41.37,20.82,98.04
1135061100,하계1동,노원구,노원구,2023,26568,4738,17.83,2363.0,1243.0,49.87,2.0,12,0.814,8.892,1579.33,0.85,1.2537,396.002,1.8789,1627,1109,784,690,526,1627,1893,1218,34.35,23.42,16.55,14.57,11.11,39.95,25.71,64.24
1135061200,하계2동,노원구,노원구,2023,21517,3419,15.89,2089.0,639.0,61.1,0.0,12,0.814,9.709,3419.0,0.97,1.2579,330.8277,2.0265,1157,772,610,483,397,1157,1382,880,33.84,22.58,17.84,14.13,11.61,40.42,25.74,114.7520000000001
1135061900,중계본동,노원구,노원구,2023,23375,2657,11.37,1033.0,636.0,38.88,0.0,12,0.814,4.421,2657.0,0.66,1.249,255.2764,1.7346,970,578,443,389,276,970,1021,666,36.52,21.76,16.68,14.65,10.39,38.43,25.07,48.5
1135062100,중계1동,노원구,노원구,2023,26466,2586,9.77,808.0,500.0,31.25,0.0,12,0.814,3.053,2586.0,0.77,1.2474,248.1366,1.6372,962,548,427,380,266,962,975,649,37.24,21.22,16.53,14.71,10.3,37.7,25.1,48.0
1135062400,중계4동,노원구,노원구,2023,19417,4152,21.38,1355.0,991.0,32.63,1.0,12,0.814,6.976,2076.0,1.18,1.2503,370.8033,1.6583,1238,1046,835,611,420,1238,1881,1033,29.83,25.2,20.12,14.72,10.12,45.3,24.88,31.28
1135062500,중계2.3동,노원구,노원구,2023,33213,7688,23.15,2408.0,2106.0,31.32,0.0,12,0.814,7.251,7688.0,1.13,1.2579,743.9027,1.6519,2353,1824,1481,1164,860,2353,3305,2030,30.63,23.74,19.28,15.15,11.2,42.99,26.4,13.4
1135063000,상계1동,노원구,노원구,2023,37588,7636,20.31,2006.0,1252.0,26.27,2.0,12,0.814,5.335,2545.33,1.4,1.2342,628.2901,1.5584,2837,1801,1311,996,682,2837,3112,1687,37.2,23.61,17.19,13.06,8.94,40.75,22.09,47.14
1135064000,상계2동,노원구,노원구,2023,19477,3578,18.37,3007.0,711.0,84.04,11.0,12,0.814,15.438,298.17,1.16,1.2356,184.2074,2.274,1313,839,616,499,310,1313,1455,810,36.71,23.46,17.22,13.95,8.67,40.67,22.64,114.7520000000001
1135066500,상계3.4동,노원구,노원구,2023,25113,6225,24.79,2404.0,1760.0,38.62,0.0,12,0.814,9.574,6225.0,1.19,1.2417,594.5833,1.7212,2040,1456,1213,971,541,2040,2669,1516,32.79,23.4,19.5,15.61,8.7,42.88,24.35,31.18
1135067000,상계5동,노원구,노원구,2023,23498,5270,22.43,2374.0,1281.0,45.05,0.0,12,0.814,10.105,5270.0,1.17,1.2508,507.0551,1.8143,1693,1233,1018,779,543,1693,2251,1326,32.15,23.41,19.33,14.79,10.31,42.71,25.16,61.69
1135069500,상계6.7동,노원구,노원구,2023,31915,5304,16.62,929.0,1095.0,17.52,4.0,12,0.814,2.912,1060.8,0.83,1.2516,390.4992,1.4709,1897,1202,914,692,597,1897,2116,1291,35.78,22.67,17.24,13.05,11.26,39.89,24.34,-16.44
1135070000,상계8동,노원구,노원구,2023,22208,3079,13.86,1034.0,537.0,33.58,0.0,12,0.814,4.654,3079.0,0.69,1.2474,295.4419,1.6663,1138,707,523,373,338,1138,1230,711,36.96,22.96,16.99,12.11,10.98,39.95,23.09,65.52
1135071000,상계9동,노원구,노원구,2023,19921,3713,18.64,2240.0,698.0,60.33,1.0,12,0.814,11.246,1856.5,1.29,1.2447,330.1122,1.9956,1409,834,597,490,383,1409,1431,873,37.95,22.46,16.08,13.2,10.32,38.54,23.51,114.7520000000001
1135072000,상계10동,노원구,노원구,2023,18342,2951,16.09,1732.0,426.0,58.69,0.0,12,0.814,9.443,2951.0,1.29,1.2414,281.7978,1.97,1177,687,420,350,315,1177,1107,667,39.91,23.3,14.24,11.87,10.68,37.51,22.6,114.7520000000001
1138051000,녹번동,은평구,은평구,2023,36447,7346,20.16,2238.0,1707.0,30.47,5.0,17,0.825,6.143,1224.33,0.92,1.2412,396.4285,1.6194,2418,1794,1386,1097,650,2418,3180,1748,32.92,24.42,18.87,14.94,8.85,43.29,23.8,27.08
1138052000,불광제1동,은평구,은평구,2023,37871,8025,21.19,2263.0,1849.0,28.2,2.0,17,0.825,5.976,2675.0,0.98,1.2492,501.2415,1.6015,2571,1894,1514,1266,778,2571,3408,2046,32.05,23.61,18.87,15.78,9.7,42.47,25.5,20.2
1138053000,불광제2동,은평구,은평구,2023,27121,6186,22.81,2113.0,1548.0,34.16,4.0,17,0.825,7.792,1237.2,0.99,1.2409,348.9185,1.6648,1982,1522,1189,964,528,1982,2711,1493,32.05,24.61,19.22,15.59,8.54,43.82,24.14,31.11
1138055100,갈현제1동,은평구,은평구,2023,15587,3267,20.96,876.0,1103.0,26.81,2.0,17,0.825,5.619,1089.0,0.61,1.2353,201.7863,1.5665,1144,772,626,452,273,1144,1398,725,35.02,23.63,19.16,13.84,8.36,42.79,22.19,-23.04
1138055200,갈현제2동,은평구,은평구,2023,27913,5265,18.86,1295.0,1013.0,24.6,3.0,17,0.825,4.64,1316.25,1.02,1.2374,310.2339,1.5418,1740,1337,1001,731,456,1740,2338,1187,33.05,25.39,19.01,13.88,8.66,44.41,22.55,24.56
1138056000,구산동,은평구,은평구,2023,31776,6413,20.18,1413.0,1099.0,22.03,2.0,17,0.825,4.446,2137.67,0.7,1.237,396.644,1.5095,2204,1571,1198,879,560,2204,2769,1440,34.37,24.5,18.68,13.71,8.73,43.18,22.45,25.13
1138057000,대조동,은평구,은평구,2023,27292,5225,19.14,1608.0,1524.0,30.78,3.0,17,0.825,5.891,1306.25,-0.14,1.2438,309.4693,1.6266,1597,1303,1034,829,460,1597,2337,1291,30.58,24.95,19.8,15.87,8.81,44.73,24.71,5.37
1138058000,응암제1동,은평구,은평구,2023,33002,5466,16.56,1326.0,933.0,24.26,4.0,17,0.825,4.017,1093.2,0.75,1.2414,308.4315,1.5426,1826,1311,1049,784,495,1826,2360,1280,33.41,23.99,19.19,14.35,9.06,43.18,23.42,35.15
1138059000,응암제2동,은평구,은평구,2023,27724,4174,15.06,924.0,688.0,22.14,2.0,17,0.825,3.334,1391.33,0.64,1.2369,258.141,1.5107,1460,985,781,580,365,1460,1766,948,35.0,23.62,18.72,13.91,8.75,42.31,22.71,29.49
1138060000,응암제3동,은평구,은평구,2023,23894,5780,24.19,1957.0,1552.0,33.86,3.0,17,0.825,8.191,1445.0,1.05,1.257,345.9743,1.6826,1745,1349,1135,948,603,1745,2484,1551,30.19,23.34,19.64,16.4,10.43,42.98,26.83,23.19
1138062500,역촌동,은평구,은평구,2023,44533,8807,19.78,2300.0,1801.0,26.12,4.0,17,0.825,5.167,1761.4,1.03,1.2341,494.0327,1.5564,2935,2203,1693,1252,718,2935,3896,1976,33.35,25.03,19.24,14.23,8.16,44.24,22.44,24.46
1138063100,신사제1동,은평구,은평구,2023,26754,5268,19.69,1155.0,904.0,21.92,1.0,17,0.825,4.316,2634.0,1.16,1.2351,342.4477,1.5058,1826,1260,1006,737,438,1826,2266,1176,34.67,23.92,19.1,13.99,8.32,43.01,22.32,24.5
1138063200,신사제2동,은평구,은평구,2023,19283,3990,20.69,981.0,828.0,24.59,0.0,17,0.825,5.088,3990.0,1.38,1.2343,273.6032,1.5378,1466,944,708,520,350,1466,1652,872,36.76,23.67,17.75,13.04,8.78,41.4,21.85,16.96
1138064000,증산동,은평구,은평구,2023,18516,3628,19.59,781.0,668.0,21.53,0.0,17,0.825,4.218,3628.0,-1.77,1.2341,248.7397,1.4998,1293,821,722,488,302,1293,1543,792,35.66,22.64,19.91,13.46,8.33,42.53,21.83,15.63
1138065000,수색동,은평구,은평구,2023,13104,2391,18.25,648.0,572.0,27.1,0.0,17,0.825,4.946,2391.0,0.62,1.2431,165.1251,1.58,872,550,408,327,234,872,958,561,36.47,23.0,17.06,13.68,9.79,40.07,23.46,12.48
1138069000,진관동,은평구,은평구,2023,54810,8745,15.96,1413.0,1076.0,16.16,1.0,17,0.825,2.579,4372.5,0.84,1.2433,572.2452,1.4442,3061,2079,1558,1182,861,3061,3637,2047,35.02,23.78,17.82,13.52,9.85,41.59,23.41,27.25
1141052000,천연동,서대문구,서대문구,2023,16734,3274,19.56,1033.0,931.0,31.55,0.0,9,0.908,6.171,3274.0,0.7,1.2682,415.2087,1.6683,991,715,617,556,393,991,1332,951,30.29,21.85,18.86,16.99,12.01,40.68,29.05,10.4
1141055500,북아현동,서대문구,서대문구,2023,15571,2333,14.98,669.0,562.0,28.68,1.0,9,0.908,4.296,1166.5,0.74,1.248,264.6895,1.6059,812,502,436,349,232,812,938,583,34.83,21.54,18.7,14.97,9.95,40.21,24.99,17.43
1141056500,충현동,서대문구,서대문구,2023,19850,3480,17.53,987.0,788.0,28.36,1.0,9,0.908,4.972,1740.0,0.67,1.2544,396.8465,1.6101,1191,779,618,496,392,1191,1397,892,34.26,22.41,17.78,14.27,11.28,40.14,25.63,22.52
1141058500,신촌동,서대문구,서대문구,2023,20366,2119,10.4,646.0,545.0,30.49,4.0,9,0.908,3.171,423.8,-0.17,1.2744,192.8895,1.663,579,481,423,365,269,579,904,636,27.35,22.72,19.98,17.24,12.71,42.66,30.01,17.0
1141061500,연희동,서대문구,서대문구,2023,34318,5971,17.4,1479.0,1365.0,24.77,3.0,9,0.908,4.31,1492.75,0.41,1.2648,580.9324,1.5781,1789,1335,1185,956,702,1789,2520,1662,29.98,22.37,19.86,16.02,11.76,42.2,27.83,8.02
1141062000,홍제제1동,서대문구,서대문구,2023,24747,4876,19.7,1195.0,832.0,24.51,1.0,9,0.908,4.828,2438.0,0.12,1.2485,553.426,1.5545,1641,1091,890,785,467,1641,1981,1254,33.67,22.38,18.26,16.11,9.58,40.63,25.72,36.21
1141064000,홍제제3동,서대문구,서대문구,2023,17712,3952,22.31,1054.0,775.0,26.67,2.0,9,0.908,5.95,1317.33,-0.27,1.2543,413.0828,1.5888,1257,870,743,691,389,1257,1613,1082,31.82,22.03,18.81,17.49,9.85,40.81,27.38,30.75
1141065500,홍제제2동,서대문구,서대문구,2023,13328,2815,21.12,724.0,539.0,25.72,0.0,9,0.908,5.432,2815.0,0.93,1.2502,351.9313,1.5718,914,645,523,451,279,914,1168,733,32.5,22.94,18.6,16.04,9.92,41.49,26.04,29.51
1141066000,홍은제1동,서대문구,서대문구,2023,22452,4711,20.98,1181.0,968.0,25.07,1.0,9,0.908,5.26,2355.5,0.78,1.2545,537.2681,1.569,1559,1055,867,717,509,1559,1922,1230,33.12,22.41,18.42,15.23,10.81,40.8,26.11,19.89
1141068500,홍은제2동,서대문구,서대문구,2023,28514,5446,19.1,1275.0,966.0,23.41,2.0,9,0.908,4.471,1815.33,-0.6,1.2545,569.3339,1.5482,1824,1189,1010,835,584,1824,2199,1423,33.52,21.85,18.56,15.34,10.73,40.38,26.13,27.75
1141069000,남가좌제1동,서대문구,서대문구,2023,16722,2294,13.72,444.0,353.0,19.35,1.0,9,0.908,2.655,1147.0,-0.38,1.2493,260.5358,1.491,787,520,406,348,232,787,926,581,34.32,22.68,17.71,15.18,10.12,40.37,25.33,22.94
1141070000,남가좌제2동,서대문구,서대문구,2023,29274,4996,17.07,1368.0,937.0,27.38,0.0,9,0.908,4.674,4996.0,0.64,1.2482,623.6007,1.59,1564,1181,987,778,481,1564,2168,1264,31.34,23.66,19.78,15.59,9.64,43.39,25.3,37.84
1141071000,북가좌제1동,서대문구,서대문구,2023,17703,3133,17.7,585.0,437.0,18.67,1.0,9,0.908,3.305,1566.5,1.02,1.2472,355.2252,1.4801,1008,744,606,473,301,1008,1350,775,32.18,23.75,19.35,15.1,9.61,43.09,24.74,29.17
1141072000,북가좌제2동,서대문구,서대문구,2023,30903,6552,21.2,1678.0,1333.0,25.61,0.0,9,0.908,5.429,6552.0,0.99,1.2432,814.5446,1.5616,2129,1535,1325,977,586,2129,2860,1563,32.49,23.43,20.22,14.91,8.94,43.65,23.86,23.02
1144055500,아현동,마포구,마포구,2023,27437,3511,12.8,805.0,474.0,22.93,1.0,3,0.993,2.935,1755.5,0.24,1.2499,877.6798,1.5365,1288,743,590,509,376,1288,1333,890,36.74,21.19,16.83,14.52,10.72,37.97,25.35,52.96
1144056500,공덕동,마포구,마포구,2023,36757,6086,16.56,1790.0,1520.0,29.41,0.0,3,0.993,4.87,6086.0,0.59,1.2544,1908.5696,1.6233,2018,1354,1114,949,647,2018,2468,1600,33.18,22.26,18.32,15.6,10.64,40.55,26.29,16.35
1144058500,도화동,마포구,마포구,2023,20789,3830,18.42,929.0,726.0,24.26,1.0,3,0.993,4.469,1915.0,0.79,1.2657,969.5262,1.5728,1244,841,676,596,471,1244,1517,1069,32.5,21.97,17.66,15.57,12.3,39.61,27.91,24.66
1144059000,용강동,마포구,마포구,2023,21301,3041,14.28,721.0,576.0,23.71,2.0,3,0.993,3.386,1013.67,0.58,1.2613,639.2689,1.5604,1018,670,546,445,362,1018,1216,807,33.48,22.03,17.95,14.63,11.9,39.99,26.54,22.45
1144060000,대흥동,마포구,마포구,2023,14488,1985,13.7,685.0,542.0,34.51,2.0,3,0.993,4.728,661.67,-0.51,1.2583,416.2876,1.6925,626,453,346,350,209,626,799,560,31.55,22.83,17.44,17.64,10.53,40.25,28.21,23.42
1144061000,염리동,마포구,마포구,2023,16781,2088,12.44,588.0,431.0,28.16,0.0,3,0.993,3.503,2088.0,-0.04,1.2533,654.2226,1.6062,661,459,421,341,206,661,880,547,31.66,21.98,20.16,16.33,9.87,42.15,26.2,31.06
1144063000,신수동,마포구,마포구,2023,22235,3371,15.16,745.0,633.0,22.1,2.0,3,0.993,3.35,1123.67,0.57,1.2509,702.7973,1.5273,1103,764,635,521,344,1103,1399,869,32.76,22.69,18.86,15.47,10.22,41.5,25.78,16.29
1144065500,서강동,마포구,마포구,2023,24676,3340,13.54,693.0,567.0,20.75,2.0,3,0.993,2.81,1113.33,0.49,1.2535,697.7817,1.5136,1109,760,613,505,353,1109,1373,858,33.2,22.75,18.35,15.12,10.57,41.11,25.69,20.07
1144066000,서교동,마포구,마포구,2023,24466,3335,13.63,858.0,655.0,25.73,3.0,3,0.993,3.507,833.75,0.27,1.2689,604.5402,1.5954,960,802,650,498,424,960,1452,923,28.79,24.06,19.5,14.94,12.72,43.54,27.68,27.0
1144068000,합정동,마포구,마포구,2023,16654,2681,16.1,678.0,590.0,25.29,1.0,3,0.993,4.072,1340.5,0.76,1.2516,671.1079,1.5681,849,630,516,405,278,849,1146,686,31.7,23.53,19.27,15.12,10.38,42.75,25.59,13.9
1144069000,망원제1동,마포구,마포구,2023,19376,3410,17.6,902.0,947.0,26.45,0.0,3,0.993,4.655,3410.0,0.72,1.2441,1060.5952,1.5732,1098,815,680,501,315,1098,1495,817,32.21,23.91,19.95,14.7,9.24,43.84,23.96,-4.87
1144070000,망원제2동,마포구,마포구,2023,18204,3242,17.81,720.0,548.0,22.21,0.0,3,0.993,3.956,3242.0,0.89,1.2413,1006.0736,1.517,1029,791,659,469,291,1029,1450,763,31.77,24.42,20.35,14.48,8.98,44.73,23.53,27.3
1144071000,연남동,마포구,마포구,2023,14528,2302,15.85,567.0,474.0,24.63,0.0,3,0.993,3.904,2302.0,0.27,1.2648,727.8924,1.5763,734,487,442,365,273,734,929,639,31.9,21.16,19.21,15.86,11.86,40.36,27.76,17.92
1144072000,성산제1동,마포구,마포구,2023,18679,3046,16.31,720.0,542.0,23.64,1.0,3,0.993,3.856,1523.0,0.69,1.2367,753.3976,1.5291,1034,699,609,453,249,1034,1308,704,33.97,22.96,20.01,14.88,8.18,42.94,23.11,28.4
1144073000,성산제2동,마포구,마포구,2023,39067,6428,16.45,1870.0,1412.0,29.09,1.0,3,0.993,4.785,3214.0,0.53,1.2464,1602.3718,1.609,2001,1556,1278,989,601,2001,2834,1593,31.14,24.22,19.89,15.39,9.35,44.09,24.78,28.09
1144074000,상암동,마포구,마포구,2023,30009,4279,14.26,794.0,460.0,18.56,1.0,3,0.993,2.647,2139.5,0.94,1.2472,1067.3538,1.4787,1469,1000,769,596,441,1469,1769,1041,34.36,23.39,17.99,13.94,10.32,41.34,24.33,54.59
1147051000,목1동,양천구,양천구,2023,30362,3537,11.65,586.0,397.0,16.57,5.0,13,0.96,1.93,589.5,0.8,1.218,226.7403,1.4198,1402,869,614,399,252,1402,1483,652,39.65,24.58,17.36,11.28,7.13,41.93,18.43,38.94
1147052000,목2동,양천구,양천구,2023,29283,4437,15.15,1001.0,878.0,22.56,1.0,13,0.96,3.418,2218.5,1.03,1.2216,361.3493,1.4972,1745,1107,726,522,336,1745,1833,859,39.34,24.95,16.37,11.77,7.57,41.31,19.36,13.11
1147053000,목3동,양천구,양천구,2023,21506,3612,16.8,917.0,625.0,25.39,2.0,13,0.96,4.266,1204.0,1.25,1.2305,277.7854,1.5429,1381,912,588,398,331,1381,1500,731,38.25,25.26,16.29,11.02,9.17,41.53,20.24,38.34
1147054000,목4동,양천구,양천구,2023,24774,3431,13.85,879.0,599.0,25.62,0.0,13,0.96,3.548,3431.0,0.8,1.2311,301.7074,1.5465,1196,901,625,418,291,1196,1526,709,34.86,26.26,18.22,12.18,8.48,44.48,20.66,38.35
1147055000,목5동,양천구,양천구,2023,40615,5074,12.49,621.0,438.0,12.24,1.0,13,0.96,1.529,2537.0,0.91,1.2264,414.8502,1.3765,2123,1251,774,448,478,2123,2025,926,41.84,24.66,15.25,8.83,9.42,39.91,18.25,34.91
1147056000,신월1동,양천구,양천구,2023,19998,4465,22.33,1474.0,1417.0,33.01,0.0,13,0.96,7.371,4465.0,1.25,1.2142,387.2431,1.615,1687,1175,819,486,296,1687,1994,784,37.8,26.33,18.35,10.89,6.63,44.66,17.56,3.94
1147057000,신월2동,양천구,양천구,2023,20343,4137,20.34,994.0,651.0,24.03,0.0,13,0.96,4.888,4137.0,1.23,1.2121,358.1756,1.5034,1603,1110,723,422,277,1603,1833,701,38.77,26.84,17.48,10.21,6.7,44.31,16.94,42.32
1147058000,신월3동,양천구,양천구,2023,14688,3143,21.4,1275.0,1224.0,40.57,2.0,13,0.96,8.682,1047.67,1.21,1.2212,239.8895,1.7166,1165,800,551,412,215,1165,1351,627,37.07,25.45,17.53,13.11,6.84,42.98,19.95,4.08
1147059000,신월4동,양천구,양천구,2023,17600,3523,20.02,711.0,527.0,20.18,4.0,13,0.96,4.04,704.6,1.24,1.2222,239.2117,1.4688,1326,917,590,416,271,1326,1507,690,37.67,26.05,16.76,11.82,7.7,42.78,19.59,29.95
1147060000,신월5동,양천구,양천구,2023,14313,2627,18.35,674.0,433.0,25.66,1.0,13,0.96,4.709,1313.5,1.18,1.223,214.1881,1.5368,988,662,461,321,195,988,1123,516,37.61,25.2,17.55,12.22,7.42,42.75,19.64,44.25
1147061000,신월6동,양천구,양천구,2023,13867,2054,14.81,414.0,192.0,20.16,3.0,13,0.96,2.986,513.5,1.3,1.2091,146.0877,1.4529,839,524,347,210,132,839,871,344,40.89,25.54,16.91,10.23,6.43,42.41,16.75,76.84
1147061100,신월7동,양천구,양천구,2023,18959,4485,23.66,1370.0,1024.0,30.55,0.0,13,0.96,7.228,4485.0,1.19,1.2357,395.8653,1.6132,1599,1145,743,597,401,1599,1888,998,35.65,25.53,16.57,13.31,8.94,42.1,22.25,29.11
1147062000,신정1동,양천구,양천구,2023,19830,2855,14.4,523.0,388.0,18.32,2.0,13,0.96,2.638,951.67,0.88,1.2342,220.2276,1.4603,1092,696,455,341,269,1092,1151,612,38.28,24.4,15.95,11.95,9.43,40.32,21.44,29.86
1147063000,신정2동,양천구,양천구,2023,18901,2750,14.55,687.0,674.0,24.98,0.0,13,0.96,3.635,2750.0,0.99,1.2303,241.6661,1.5376,1016,692,467,335,238,1016,1159,575,36.97,25.18,16.99,12.19,8.66,42.15,20.91,1.91
1147064000,신정3동,양천구,양천구,2023,50234,8201,16.33,1911.0,1822.0,23.3,2.0,13,0.96,3.805,2733.67,0.97,1.2288,629.8368,1.5151,2981,2098,1456,971,691,2981,3554,1666,36.37,25.59,17.76,11.85,8.43,43.34,20.31,4.77
1147065000,신정4동,양천구,양천구,2023,32340,6199,19.17,1759.0,1202.0,28.38,8.0,13,0.96,5.44,688.78,1.12,1.2173,343.0019,1.5628,2204,1685,1126,783,399,2204,2811,1184,35.57,27.19,18.17,12.64,6.44,45.35,19.1,38.08
1147067000,신정6동,양천구,양천구,2023,24069,3059,12.71,403.0,288.0,13.17,1.0,13,0.96,1.674,1529.5,0.98,1.2189,248.5743,1.3794,1298,778,436,289,256,1298,1214,547,42.46,25.45,14.26,9.45,8.37,39.69,17.88,33.6
1147068000,신정7동,양천구,양천구,2023,28360,5347,18.85,1626.0,1085.0,30.41,0.0,13,0.96,5.732,5347.0,1.4,1.2409,473.9352,1.6183,1903,1345,864,693,536,1903,2209,1235,35.63,25.18,16.18,12.98,10.04,41.31,23.1,40.45
1150051000,염창동,강서구,강서구,2023,41420,4700,11.35,681.0,566.0,14.49,2.0,21,0.875,1.645,1566.67,0.58,1.2154,238.0158,1.3915,1869,1233,739,528,329,1869,1972,859,39.78,26.25,15.73,11.24,7.0,41.96,18.28,18.5
1150052000,등촌제1동,강서구,강서구,2023,24757,3082,12.45,835.0,649.0,27.09,5.0,21,0.875,3.373,513.67,0.41,1.2752,145.5617,1.6207,1022,666,491,449,447,1022,1157,903,33.24,21.66,15.97,14.6,14.54,37.54,29.3,25.2
1150053000,등촌제2동,강서구,강서구,2023,19655,3384,17.22,604.0,414.0,17.85,1.0,21,0.875,3.074,1692.0,1.26,1.2203,179.5433,1.4381,1319,909,541,341,273,1319,1450,615,38.99,26.87,15.99,10.08,8.07,42.85,18.17,37.77
1150053500,등촌제3동,강서구,강서구,2023,29671,7116,23.98,3055.0,1961.0,42.93,8.0,21,0.875,10.295,790.67,1.73,1.2608,299.0618,1.8021,2520,1580,1173,933,904,2520,2753,1843,35.44,22.22,16.5,13.12,12.71,38.69,25.9,44.33
1150054000,화곡제1동,강서구,강서구,2023,51751,8777,16.96,2261.0,1506.0,25.76,6.0,21,0.875,4.369,1253.86,0.64,1.2156,381.0472,1.5287,3221,2360,1609,999,584,3221,3969,1587,36.71,26.9,18.34,11.39,6.66,45.22,18.08,40.64
1150055000,화곡제2동,강서구,강서구,2023,17472,3076,17.61,802.0,441.0,26.07,0.0,21,0.875,4.591,3076.0,1.31,1.2099,169.166,1.5253,1177,804,570,347,178,1177,1374,525,38.26,26.14,18.53,11.28,5.79,44.67,17.07,59.81
1150056000,화곡제3동,강서구,강서구,2023,21388,4332,20.25,850.0,622.0,19.62,2.0,21,0.875,3.973,1444.0,1.09,1.2135,219.0368,1.4516,1629,1163,767,492,279,1629,1930,773,37.62,26.86,17.71,11.36,6.44,44.55,17.84,31.23
1150057000,화곡제4동,강서구,강서구,2023,20135,4069,20.21,1051.0,668.0,25.83,3.0,21,0.875,5.22,1017.25,1.31,1.224,199.2182,1.5402,1497,1036,752,472,312,1497,1788,784,36.79,25.46,18.48,11.6,7.67,43.94,19.27,45.32
1150059000,화곡본동,강서구,강서구,2023,33616,5198,15.46,1427.0,934.0,27.45,5.0,21,0.875,4.244,866.33,0.95,1.2174,234.372,1.5516,1999,1326,928,567,374,1999,2254,945,38.49,25.53,17.87,10.92,7.2,43.36,18.18,42.39
1150059100,화곡제6동,강서구,강서구,2023,24990,4199,16.8,1053.0,721.0,25.08,0.0,21,0.875,4.213,4199.0,0.92,1.2178,232.4337,1.5232,1662,1105,654,468,309,1662,1759,778,39.59,26.32,15.58,11.15,7.36,41.89,18.53,37.88
1150059300,화곡제8동,강서구,강서구,2023,23977,4596,19.17,1132.0,821.0,24.63,0.0,21,0.875,4.722,4596.0,0.9,1.2147,253.7619,1.5139,1618,1232,911,553,280,1618,2143,835,35.22,26.82,19.83,12.04,6.09,46.63,18.17,32.12
1150060300,가양제1동,강서구,강서구,2023,34096,3337,9.79,584.0,359.0,17.5,3.0,21,0.875,1.713,834.25,0.64,1.221,162.9791,1.4347,1444,760,496,359,274,1444,1256,637,43.32,22.8,14.88,10.77,8.22,37.64,19.09,48.66
1150060400,가양제2동,강서구,강서구,2023,13785,4412,32.01,1982.0,1209.0,44.92,1.0,21,0.875,14.379,2206.0,2.12,1.2425,238.3439,1.8006,1613,1070,722,555,451,1613,1792,1007,36.57,24.26,16.37,12.58,10.22,40.62,22.82,49.43
1150060500,가양제3동,강서구,강서구,2023,14504,3875,26.72,1515.0,960.0,39.1,0.0,21,0.875,10.448,3875.0,1.65,1.2342,217.3875,1.7168,1322,988,704,527,331,1322,1692,861,34.14,25.52,18.18,13.61,8.55,43.66,22.22,45.62
1150061100,발산제1동,강서구,강서구,2023,35942,5205,14.48,1095.0,644.0,21.04,8.0,21,0.875,3.047,578.33,0.9,1.2326,213.8561,1.4919,1811,1316,987,636,452,1811,2303,1091,34.81,25.3,18.97,12.23,8.69,44.25,20.96,53.08
1150061500,우장산동,강서구,강서구,2023,43348,6311,14.56,1011.0,773.0,16.02,3.0,21,0.875,2.333,1577.75,0.77,1.2114,305.8058,1.4055,2388,1703,1144,676,398,2388,2847,1076,37.85,26.99,18.13,10.71,6.31,45.11,17.05,26.84
1150062000,공항동,강서구,강서구,2023,30225,4431,14.66,1081.0,782.0,24.4,2.0,21,0.875,3.577,1477.0,0.63,1.2313,227.3288,1.5317,1661,1048,797,546,378,1661,1845,925,37.49,23.66,17.99,12.33,8.53,41.64,20.88,32.38
1150063000,방화제1동,강서구,강서구,2023,42548,7096,16.68,1368.0,981.0,19.28,6.0,21,0.875,3.216,1013.71,1.03,1.2231,309.9685,1.4589,2702,1829,1199,788,572,2702,3028,1366,38.11,25.8,16.91,11.11,8.07,42.67,19.25,33.25
1150064000,방화제2동,강서구,강서구,2023,23042,5068,21.99,1667.0,1150.0,32.89,1.0,21,0.875,7.233,2534.0,0.98,1.2431,273.9144,1.652,1790,1188,897,693,497,1790,2085,1193,35.34,23.46,17.71,13.68,9.81,41.14,23.54,37.13
1150064100,방화제3동,강서구,강서구,2023,22344,5565,24.91,1992.0,1307.0,35.8,0.0,21,0.875,8.918,5565.0,1.53,1.2468,315.3837,1.6932,1906,1392,959,709,596,1906,2351,1308,34.27,25.03,17.24,12.75,10.72,42.25,23.5,42.14
1153051000,신도림동,구로구,구로구,2023,35799,5028,14.05,682.0,553.0,13.56,0.0,11,0.912,1.905,5028.0,0.78,1.2184,510.5096,1.3836,1906,1352,850,545,373,1906,2202,920,37.92,26.9,16.91,10.84,7.42,43.79,18.3,20.97
1153052000,구로제1동,구로구,구로구,2023,20618,2915,14.14,433.0,307.0,14.85,0.0,11,0.912,2.1,2915.0,1.1,1.2152,295.1923,1.3957,1290,695,436,264,229,1290,1131,494,44.27,23.85,14.96,9.06,7.86,38.8,16.95,34.39
1153053000,구로제2동,구로구,구로구,2023,23030,5730,24.88,1835.0,1500.0,32.02,2.0,11,0.912,7.967,1910.0,1.16,1.2357,505.7544,1.6314,1837,1418,1147,886,442,1837,2565,1328,32.06,24.75,20.02,15.46,7.71,44.76,23.18,20.16
1153054000,구로제3동,구로구,구로구,2023,23460,3564,15.19,883.0,713.0,24.78,1.0,11,0.912,3.764,1782.0,0.5,1.2367,339.0461,1.5432,1180,921,675,476,312,1180,1596,788,33.11,25.84,18.94,13.36,8.75,44.78,22.11,21.38
1153055000,구로제4동,구로구,구로구,2023,19100,4638,24.28,1511.0,1103.0,32.58,0.0,11,0.912,7.91,4638.0,1.33,1.2425,480.2262,1.6473,1438,1153,939,701,407,1438,2092,1108,31.0,24.86,20.25,15.11,8.78,45.11,23.89,31.47
1153056000,구로제5동,구로구,구로구,2023,29300,4890,16.69,1231.0,861.0,25.17,7.0,11,0.912,4.201,611.25,0.61,1.2309,316.7948,1.5407,1659,1222,1000,613,395,1659,2222,1009,33.93,24.99,20.45,12.54,8.08,45.44,20.63,35.75
1153059500,가리봉동,구로구,구로구,2023,8954,1965,21.95,939.0,819.0,47.79,3.0,11,0.912,10.49,491.25,0.62,1.2353,161.8243,1.8256,705,500,345,220,192,705,845,415,35.93,25.48,17.58,11.21,9.79,43.0,21.12,13.67
1153072000,고척제1동,구로구,구로구,2023,25738,4603,17.88,1036.0,770.0,22.51,5.0,11,0.912,4.025,767.17,-2.03,1.223,331.1452,1.4983,1717,1173,831,533,349,1717,2004,882,37.3,25.48,18.05,11.58,7.58,43.54,19.16,29.67
1153073000,고척제2동,구로구,구로구,2023,26138,5561,21.28,1494.0,984.0,26.87,2.0,11,0.912,5.718,1853.67,1.37,1.236,490.9569,1.5681,1886,1389,1047,756,481,1886,2436,1239,33.93,24.99,18.83,13.6,8.65,43.81,22.28,41.76
1153074000,개봉제1동,구로구,구로구,2023,33321,6747,20.25,1785.0,1314.0,26.46,6.0,11,0.912,5.358,963.86,1.07,1.2237,458.6836,1.5475,2383,1763,1240,870,488,2383,3003,1361,35.34,26.14,18.39,12.9,7.24,44.51,20.17,30.63
1153075000,개봉제2동,구로구,구로구,2023,30099,6830,22.69,1279.0,888.0,18.73,1.0,11,0.912,4.25,3415.0,1.43,1.2163,639.0253,1.4441,2483,1810,1266,827,441,2483,3076,1271,36.37,26.51,18.54,12.11,6.46,45.04,18.61,36.49
1153076000,개봉제3동,구로구,구로구,2023,19853,4497,22.65,1066.0,736.0,23.7,0.0,11,0.912,5.368,4497.0,1.27,1.2214,457.7196,1.5109,1683,1143,797,553,321,1683,1940,874,37.42,25.42,17.72,12.3,7.14,43.14,19.44,37.04
1153077000,오류제1동,구로구,구로구,2023,22655,4189,18.49,1184.0,857.0,28.26,3.0,11,0.912,5.225,1047.25,0.62,1.2332,344.3917,1.5817,1421,1092,728,609,338,1421,1820,948,33.93,26.07,17.38,14.54,8.07,43.45,22.63,32.32
1153078000,오류제2동,구로구,구로구,2023,37942,7446,19.62,1632.0,1243.0,21.92,1.0,11,0.912,4.301,3723.0,0.97,1.2336,706.5681,1.504,2412,1921,1494,1011,606,2412,3415,1619,32.4,25.81,20.07,13.58,8.14,45.86,21.74,27.23
1153079000,수궁동,구로구,구로구,2023,22967,4746,20.66,1205.0,779.0,25.39,0.0,11,0.912,5.246,4746.0,1.59,1.223,483.6965,1.5335,1734,1208,867,586,349,1734,2075,937,36.55,25.46,18.28,12.35,7.36,43.72,19.74,43.62
1154551000,가산동,금천구,금천구,2023,24198,2767,11.43,902.0,660.0,32.6,1.0,14,0.881,3.726,1383.5,0.38,1.2198,210.9492,1.6175,1033,695,515,329,194,1033,1210,524,37.35,25.13,18.62,11.89,7.01,43.73,18.94,31.24
1154561000,독산제1동,금천구,금천구,2023,46080,6197,13.45,1521.0,1133.0,24.54,3.0,14,0.881,3.301,1549.25,0.41,1.2264,422.2223,1.5274,2259,1501,1151,827,458,2259,2652,1286,36.46,24.23,18.58,13.35,7.39,42.79,20.75,29.45
1154562000,독산제2동,금천구,금천구,2023,18176,3670,20.19,1193.0,875.0,32.51,0.0,14,0.881,6.564,3670.0,1.39,1.2183,298.0774,1.6144,1388,957,631,430,261,1388,1588,694,37.85,26.1,17.21,11.73,7.12,43.27,18.91,31.0
1154563000,독산제3동,금천구,금천구,2023,24004,4757,19.82,1436.0,1082.0,30.19,4.0,14,0.881,5.984,951.4,1.03,1.2255,306.8265,1.5955,1772,1185,827,602,368,1772,2012,973,37.27,24.93,17.4,12.66,7.74,42.3,20.45,28.31
1154564000,독산제4동,금천구,금천구,2023,14863,3053,20.54,875.0,627.0,28.66,1.0,14,0.881,5.887,1526.5,1.2,1.2109,231.0549,1.5579,1114,832,558,376,172,1114,1390,549,36.5,27.26,18.28,12.32,5.64,45.53,17.98,33.33
1154567000,시흥제1동,금천구,금천구,2023,32363,6484,20.04,1971.0,1477.0,30.4,7.0,14,0.881,6.092,810.5,0.95,1.2316,362.9861,1.606,2240,1597,1250,865,527,2240,2847,1397,34.57,24.65,19.29,13.35,8.13,43.91,21.55,28.85
1154568000,시흥제2동,금천구,금천구,2023,20699,4363,21.08,1042.0,769.0,23.88,0.0,14,0.881,5.034,4363.0,1.54,1.2344,359.0458,1.5292,1586,995,820,587,372,1586,1815,962,36.38,22.82,18.81,13.46,8.53,41.6,22.05,30.38
1154569000,시흥제3동,금천구,금천구,2023,10483,2472,23.58,580.0,476.0,23.46,0.0,14,0.881,5.532,2472.0,1.39,1.2279,202.3579,1.516,862,654,423,348,185,862,1077,533,34.87,26.46,17.11,14.08,7.48,43.57,21.56,19.76
1154570000,시흥제4동,금천구,금천구,2023,19888,4395,22.1,1165.0,854.0,26.51,0.0,14,0.881,5.859,4395.0,1.43,1.2217,357.9581,1.5456,1588,1134,802,560,309,1588,1936,871,36.15,25.81,18.26,12.75,7.03,44.05,19.82,31.05
1154571000,시흥제5동,금천구,금천구,2023,18641,4535,24.33,1534.0,1195.0,33.83,0.0,14,0.881,8.231,4535.0,1.29,1.2461,376.7376,1.6677,1437,1124,858,680,434,1437,1982,1116,31.7,24.8,18.93,15.0,9.57,43.7,24.61,24.97
1156051500,영등포본동,영등포구,영등포구,2023,20941,4282,20.45,1344.0,1103.0,31.39,2.0,2,0.984,6.419,1427.33,0.89,1.2343,1057.0545,1.6217,1523,1092,730,559,377,1523,1822,937,35.58,25.51,17.05,13.06,8.81,42.55,21.88,19.76
1156053500,영등포동,영등포구,영등포구,2023,30070,3440,11.44,1483.0,1405.0,43.11,14.0,2,0.984,4.932,229.33,-0.07,1.2318,249.2584,1.7628,1309,838,591,392,310,1309,1429,702,38.05,24.36,17.18,11.4,9.01,41.54,20.41,5.4
1156054000,여의동,영등포구,영등포구,2023,32483,6395,19.69,1032.0,1019.0,16.14,5.0,2,0.984,3.178,1065.83,0.72,1.2714,1016.3254,1.4766,1943,1419,1227,968,835,1943,2646,1806,30.4,22.2,19.2,15.14,13.06,41.38,28.24,1.27
1156055000,당산제1동,영등포구,영등포구,2023,20755,3489,16.81,953.0,834.0,27.31,2.0,2,0.984,4.591,1163.0,0.1,1.2399,865.2022,1.5785,1230,847,617,469,326,1230,1464,795,35.25,24.28,17.68,13.44,9.34,41.96,22.79,13.34
1156056000,당산제2동,영등포구,영등포구,2023,36738,4877,13.28,776.0,746.0,15.91,0.0,2,0.984,2.113,4877.0,0.67,1.2429,2020.5411,1.4406,1651,1233,869,637,485,1651,2102,1124,33.87,25.29,17.83,13.07,9.95,43.1,23.05,3.94
1156058500,도림동,영등포구,영등포구,2023,17713,3289,18.57,1019.0,895.0,30.98,0.0,2,0.984,5.753,3289.0,0.37,1.2453,1365.2639,1.6311,1046,801,649,481,311,1046,1450,793,31.81,24.36,19.74,14.63,9.46,44.09,24.11,12.98
1156060500,문래동,영등포구,영등포구,2023,32276,4874,15.1,855.0,847.0,17.54,3.0,2,0.984,2.649,1218.5,0.62,1.2403,1007.537,1.4578,1674,1187,896,648,464,1674,2083,1117,34.38,24.38,18.4,13.31,9.53,42.74,22.92,0.94
1156061000,양평제1동,영등포구,영등포구,2023,18345,2430,13.25,635.0,576.0,26.13,3.0,2,0.984,3.462,607.5,0.2,1.244,503.82,1.5691,774,589,480,363,223,774,1069,587,31.86,24.25,19.76,14.94,9.18,43.99,24.16,9.75
1156062000,양평제2동,영등포구,영등포구,2023,22386,2668,11.92,538.0,490.0,20.16,2.0,2,0.984,2.403,889.33,0.52,1.2351,659.0494,1.4841,966,637,476,350,237,966,1113,589,36.23,23.89,17.85,13.13,8.89,41.72,22.08,9.35
1156063000,신길제1동,영등포구,영등포구,2023,19327,3556,18.4,1276.0,1026.0,35.88,3.0,2,0.984,6.602,889.0,-0.45,1.2532,742.7299,1.7028,1130,819,700,531,374,1130,1519,907,31.8,23.04,19.7,14.94,10.52,42.72,25.51,21.81
1156065000,신길제3동,영등포구,영등포구,2023,16322,3256,19.95,915.0,804.0,28.1,1.0,2,0.984,5.606,1628.0,0.96,1.2312,1002.1968,1.5772,1158,787,589,456,262,1158,1376,722,35.61,24.2,18.11,14.02,8.06,42.26,22.17,12.93
1156066000,신길제4동,영등포구,영등포구,2023,12335,2451,19.87,770.0,586.0,31.42,0.0,2,0.984,6.243,2451.0,1.09,1.2301,1004.9917,1.6166,888,597,432,340,193,888,1029,534,36.24,24.37,17.63,13.88,7.88,41.98,21.79,27.31
1156067000,신길제5동,영등포구,영등포구,2023,10186,2078,20.4,608.0,518.0,29.26,0.0,2,0.984,5.969,2078.0,1.29,1.2268,849.7635,1.5858,753,546,356,258,165,753,902,423,36.24,26.28,17.13,12.42,7.94,43.41,20.36,16.02
1156068000,신길제6동,영등포구,영등포구,2023,18824,3467,18.42,826.0,711.0,23.82,1.0,2,0.984,4.388,1733.5,0.95,1.2364,1071.6497,1.5309,1198,895,609,453,312,1198,1504,765,34.55,25.81,17.57,13.07,9.0,43.38,22.07,14.99
1156069000,신길제7동,영등포구,영등포구,2023,19804,2691,13.59,469.0,349.0,17.43,1.0,2,0.984,2.369,1345.5,0.72,1.2338,830.039,1.4489,958,691,465,335,241,958,1156,577,35.61,25.69,17.29,12.45,8.96,42.96,21.44,29.55
1156070000,대림제1동,영등포구,영등포구,2023,14053,3183,22.65,908.0,765.0,28.53,2.0,2,0.984,6.462,1061.0,1.36,1.2445,792.2487,1.5996,971,845,589,484,294,971,1434,778,30.51,26.55,18.5,15.21,9.24,45.05,24.44,17.14
1156071000,대림제2동,영등포구,영등포구,2023,11973,2873,24.0,888.0,764.0,30.91,4.0,2,0.984,7.418,574.6,0.34,1.2397,508.8083,1.6229,861,696,641,438,235,861,1337,675,29.99,24.24,22.33,15.26,8.19,46.54,23.49,15.04
1156072000,대림제3동,영등포구,영등포구,2023,21879,4658,21.29,1213.0,892.0,26.04,4.0,2,0.984,5.544,931.6,1.12,1.2346,821.5381,1.5561,1592,1154,870,648,391,1592,2024,1042,34.2,24.79,18.69,13.92,8.4,43.45,22.37,30.74
1159051000,노량진제1동,동작구,동작구,2023,31695,6007,18.95,1455.0,1235.0,24.22,0.0,6,0.979,4.59,6007.0,0.35,1.2494,1072.1637,1.552,2031,1381,1111,860,621,2031,2492,1484,33.83,23.0,18.5,14.32,10.34,41.48,24.7,16.39
1159052000,노량진제2동,동작구,동작구,2023,10525,2243,21.31,821.0,1061.0,36.6,1.0,6,0.979,7.799,1121.5,0.44,1.2448,349.0108,1.7004,754,558,403,305,223,754,961,528,33.62,24.88,17.97,13.6,9.94,42.84,23.54,-24.336
1159053000,상도제1동,동작구,동작구,2023,44399,7433,16.74,1575.0,1270.0,21.19,1.0,6,0.979,3.547,3716.5,0.54,1.2421,1154.0662,1.5053,2486,1782,1439,994,721,2486,3221,1726,33.5,24.01,19.39,13.39,9.71,43.33,23.22,21.52
1159054000,상도제2동,동작구,동작구,2023,27731,4436,16.0,863.0,858.0,19.45,0.0,6,0.979,3.112,4436.0,0.54,1.246,789.608,1.4883,1509,1050,822,593,457,1509,1872,1055,34.06,23.7,18.55,13.38,10.31,42.2,23.78,0.58
1159055000,상도제3동,동작구,동작구,2023,24178,4648,19.22,1155.0,802.0,24.85,0.0,6,0.979,4.776,4648.0,0.87,1.2369,821.3016,1.5443,1488,1152,934,686,384,1488,2086,1074,32.04,24.81,20.11,14.77,8.27,44.88,23.11,36.47
1159056000,상도제4동,동작구,동작구,2023,28203,5394,19.13,1530.0,1070.0,28.36,2.0,6,0.979,5.425,1798.0,1.11,1.2387,742.3942,1.59,1792,1325,1059,743,475,1792,2384,1218,33.22,24.56,19.63,13.77,8.81,44.2,22.58,35.76
1159060500,흑석동,동작구,동작구,2023,27936,5137,18.39,1019.0,1304.0,19.84,1.0,6,0.979,3.649,2568.5,0.1,1.2579,807.729,1.5075,1645,1211,947,738,593,1645,2158,1334,32.04,23.59,18.45,14.37,11.55,42.01,25.97,-24.336
1159062000,사당제1동,동작구,동작구,2023,22566,3914,17.34,1011.0,766.0,25.83,3.0,6,0.979,4.479,978.5,0.7,1.2176,476.5686,1.5321,1347,1064,769,483,250,1347,1833,734,34.42,27.19,19.65,12.34,6.39,46.83,18.75,27.75
1159063000,사당제2동,동작구,동작구,2023,28377,5829,20.54,1208.0,1168.0,20.72,1.0,6,0.979,4.256,2914.5,0.61,1.2338,898.9775,1.4894,1972,1426,1156,800,474,1972,2582,1275,33.84,24.47,19.84,13.73,8.13,44.3,21.87,3.37
1159064000,사당제3동,동작구,동작구,2023,23904,4689,19.62,851.0,714.0,18.15,0.0,6,0.979,3.561,4689.0,1.0,1.2228,819.1013,1.4447,1624,1208,936,590,329,1624,2144,921,34.65,25.77,19.97,12.59,7.02,45.72,19.64,17.55
1159065000,사당제4동,동작구,동작구,2023,13965,2797,20.03,708.0,541.0,25.31,0.0,6,0.979,5.07,2797.0,0.99,1.2313,491.9923,1.5429,919,720,554,381,221,919,1274,604,32.88,25.76,19.82,13.63,7.91,45.55,21.59,26.9
1159065100,사당제5동,동작구,동작구,2023,14298,2461,17.21,557.0,424.0,22.63,0.0,6,0.979,3.895,2461.0,0.89,1.2316,432.9954,1.5103,842,652,435,315,213,842,1087,532,34.27,26.54,17.7,12.82,8.67,44.17,21.62,27.28
1159066000,대방동,동작구,동작구,2023,36221,5729,15.82,1409.0,1163.0,24.59,2.0,6,0.979,3.89,1909.67,0.45,1.2479,794.3577,1.5548,1834,1464,1035,799,593,1834,2499,1396,32.03,25.57,18.08,13.96,10.36,43.62,24.37,19.19
1159067000,신대방제1동,동작구,동작구,2023,23371,3976,17.01,990.0,655.0,24.9,1.0,6,0.979,4.235,1988.0,0.33,1.2381,615.3357,1.5464,1362,954,758,551,350,1362,1712,902,34.26,24.0,19.07,13.86,8.81,43.06,22.69,41.31
1159068000,신대방제2동,동작구,동작구,2023,22253,3465,15.57,740.0,519.0,21.36,2.0,6,0.979,3.326,1155.0,0.53,1.2415,477.9775,1.5067,1089,840,717,517,301,1089,1557,819,31.44,24.25,20.7,14.92,8.69,44.94,23.64,35.47
1162052500,보라매동,관악구,관악구,2023,24222,4683,19.33,1254.0,930.0,26.78,0.0,9,0.911,5.177,4683.0,0.97,1.2336,577.6949,1.564,1547,1179,921,657,377,1547,2100,1036,33.05,25.19,19.68,14.04,8.05,44.84,22.12,29.89
1162054500,청림동,관악구,관악구,2023,14912,2859,19.17,720.0,611.0,25.18,0.0,9,0.911,4.827,2859.0,1.11,1.2527,358.1469,1.5681,904,690,528,434,301,904,1218,737,31.64,24.15,18.48,15.19,10.54,42.6,25.78,16.42
1162056500,성현동,관악구,관악구,2023,28561,5596,19.59,1496.0,1217.0,26.73,0.0,9,0.911,5.236,5596.0,1.01,1.2346,690.8822,1.5646,1835,1361,1127,826,443,1835,2488,1273,32.81,24.34,20.15,14.77,7.92,44.46,22.75,20.64
1162057500,행운동,관악구,관악구,2023,29091,4526,15.56,1205.0,983.0,26.62,3.0,9,0.911,4.142,1131.5,0.39,1.2245,426.3144,1.5505,1494,1204,907,607,313,1494,2111,921,33.02,26.61,20.04,13.41,6.92,46.64,20.35,20.36
1162058500,낙성대동,관악구,관악구,2023,17358,2028,11.68,581.0,496.0,28.65,1.0,9,0.911,3.346,1014.0,-0.23,1.2466,229.8277,1.6038,603,504,412,327,182,603,916,509,29.73,24.85,20.32,16.12,8.97,45.17,25.1,15.82
1162059500,청룡동,관악구,관악구,2023,36155,4712,13.03,1388.0,996.0,29.46,6.0,9,0.911,3.839,673.14,0.34,1.2278,361.5871,1.5895,1522,1232,953,672,332,1522,2185,1005,32.31,26.15,20.23,14.26,7.05,46.37,21.33,33.19
1162060500,은천동,관악구,관악구,2023,32678,6126,18.75,1592.0,1191.0,25.99,1.0,9,0.911,4.873,3063.0,0.81,1.2291,684.497,1.5485,2024,1574,1224,851,452,2024,2798,1304,33.04,25.7,19.98,13.89,7.38,45.67,21.29,29.02
1162061500,중앙동,관악구,관악구,2023,15399,2411,15.66,735.0,617.0,30.49,1.0,9,0.911,4.775,1205.5,0.25,1.2315,269.9224,1.607,736,643,488,369,174,736,1131,544,30.54,26.68,20.25,15.31,7.22,46.91,22.56,17.5
1162062500,인헌동,관악구,관악구,2023,25775,4158,16.13,1007.0,755.0,24.22,0.0,9,0.911,3.907,4158.0,0.53,1.2286,510.8519,1.5262,1416,1024,817,603,297,1416,1841,901,34.06,24.63,19.65,14.51,7.14,44.28,21.67,28.8
1162063000,남현동,관악구,관악구,2023,17932,2963,16.52,663.0,441.0,22.38,1.0,9,0.911,3.697,1481.5,0.91,1.2239,329.6742,1.4978,1007,788,558,392,214,1007,1346,610,34.03,26.63,18.86,13.25,7.23,45.43,20.59,40.77
1162064500,서원동,관악구,관악구,2023,22876,3384,14.79,896.0,662.0,26.48,4.0,9,0.911,3.916,676.8,0.13,1.2278,296.7768,1.5529,1118,835,709,491,231,1118,1544,722,33.04,24.67,20.95,14.51,6.83,45.63,21.34,30.27
1162065500,신원동,관악구,관악구,2023,17927,3324,18.54,1038.0,814.0,31.23,0.0,9,0.911,5.79,3324.0,0.52,1.2389,411.8104,1.6258,1037,835,661,510,278,1037,1496,791,31.23,25.14,19.9,15.36,8.37,45.01,23.8,24.31
1162066500,서림동,관악구,관악구,2023,23540,3706,15.74,978.0,742.0,26.39,0.0,9,0.911,4.154,3706.0,0.27,1.2287,455.3562,1.553,1266,951,697,512,279,1266,1648,792,34.17,25.67,18.81,13.82,7.53,44.47,21.37,27.62
1162068500,신사동,관악구,관악구,2023,22680,3603,15.89,1080.0,794.0,29.98,2.0,9,0.911,4.764,1201.0,0.35,1.2318,369.848,1.6011,1143,958,716,506,279,1143,1674,786,31.73,26.6,19.88,14.05,7.75,46.46,21.82,30.76
1162069500,신림동,관악구,관악구,2023,23312,1985,8.51,682.0,526.0,34.36,1.0,9,0.911,2.924,992.5,-0.23,1.2275,221.508,1.6493,661,499,396,290,138,661,895,429,33.32,25.15,19.96,14.62,6.96,45.09,21.61,25.97
1162071500,난향동,관악구,관악구,2023,14875,2861,19.23,645.0,531.0,22.54,0.0,9,0.911,4.334,2861.0,1.3,1.2287,351.5311,1.5056,968,752,552,366,223,968,1304,589,33.83,26.28,19.29,12.79,7.79,45.58,20.59,19.45
1162072500,조원동,관악구,관악구,2023,19405,3078,15.86,855.0,626.0,27.78,5.0,9,0.911,4.406,513.0,-0.44,1.2302,252.437,1.5719,1101,763,564,395,253,1101,1327,650,35.79,24.8,18.34,12.84,8.22,43.11,21.12,31.18
1162073500,대학동,관악구,관악구,2023,24257,3202,13.2,968.0,602.0,30.23,1.0,9,0.911,3.99,1601.0,0.13,1.235,359.4973,1.6083,1109,794,567,465,266,1109,1361,732,34.65,24.8,17.71,14.53,8.31,42.5,22.86,47.5
1162074500,삼성동,관악구,관악구,2023,20404,5515,27.03,1677.0,1464.0,30.41,0.0,9,0.911,8.22,5515.0,1.43,1.2448,686.5072,1.6233,1784,1313,1085,815,516,1784,2398,1333,32.36,23.82,19.68,14.78,9.36,43.48,24.17,13.58
1162076500,미성동,관악구,관악구,2023,30013,6112,20.36,1446.0,1095.0,23.66,0.0,9,0.911,4.817,6112.0,1.08,1.2203,745.8474,1.509,2157,1674,1076,780,422,2157,2750,1205,35.31,27.4,17.61,12.77,6.91,44.99,19.72,27.8
1162077500,난곡동,관악구,관악구,2023,26058,5603,21.5,1673.0,1265.0,29.86,1.0,9,0.911,6.42,2801.5,1.07,1.2303,626.6701,1.5977,1846,1463,1095,763,434,1846,2558,1199,32.96,26.12,19.55,13.62,7.75,45.65,21.4,27.95
1165051000,서초1동,서초구,서초구,2023,20369,3162,15.52,638.0,461.0,20.18,6.0,4,0.915,3.132,451.71,0.69,1.2302,353.6266,1.4785,1122,808,614,339,278,1122,1422,618,35.5,25.56,19.42,10.72,8.79,44.97,19.54,32.49
1165052000,서초2동,서초구,서초구,2023,26604,3455,12.99,424.0,334.0,12.27,3.0,4,0.915,1.594,863.75,0.67,1.222,527.7512,1.3719,1222,901,686,391,254,1222,1587,646,35.38,26.09,19.86,11.32,7.35,45.93,18.7,23.86
1165053000,서초3동,서초구,서초구,2023,32126,5051,15.72,839.0,680.0,16.61,5.0,4,0.915,2.611,841.83,0.69,1.2373,624.9602,1.4428,1723,1273,953,623,474,1723,2226,1102,34.15,25.23,18.89,12.35,9.39,44.07,21.82,21.01
1165053100,서초4동,서초구,서초구,2023,30323,4387,14.47,510.0,456.0,11.63,7.0,4,0.915,1.683,548.38,0.29,1.2351,451.532,1.3787,1478,1111,855,555,386,1478,1966,943,33.71,25.34,19.5,12.66,8.8,44.81,21.5,11.19
1165054000,잠원동,서초구,서초구,2023,26203,3428,13.08,632.0,758.0,18.44,1.0,4,0.915,2.412,1714.0,0.49,1.2305,703.0257,1.4574,1293,825,616,381,309,1293,1441,694,37.76,24.09,17.99,11.13,9.02,42.04,20.25,-18.18
1165055000,반포본동,서초구,서초구,2023,268,41,15.3,3.0,267.0,7.32,0.0,4,0.915,1.12,41.0,-0.49,1.198,9.8236,1.2857,12,13,9,6,1,12,22,7,29.27,31.71,21.95,14.63,2.44,53.66,17.07,-24.336
1165056000,반포1동,서초구,서초구,2023,34100,4179,12.26,763.0,542.0,18.26,2.0,4,0.915,2.239,1393.0,0.48,1.2207,728.7579,1.4436,1563,1065,763,474,311,1563,1828,788,37.43,25.5,18.27,11.35,7.45,43.74,18.86,34.2
1165057000,반포2동,서초구,서초구,2023,15638,2111,13.5,308.0,380.0,14.59,0.0,4,0.915,1.97,2111.0,0.66,1.2334,520.7415,1.4134,690,517,463,261,178,690,980,441,32.72,24.51,21.95,12.38,8.44,46.42,20.89,-21.01
1165058000,반포3동,서초구,서초구,2023,23597,3362,14.25,461.0,370.0,13.71,0.0,4,0.915,1.954,3362.0,0.22,1.2422,835.2553,1.4125,1117,850,626,442,326,1117,1476,769,33.23,25.29,18.63,13.15,9.7,43.9,22.87,21.99
1165058100,반포4동,서초구,서초구,2023,18785,3029,16.12,441.0,384.0,14.56,2.0,4,0.915,2.347,1009.67,0.94,1.2277,531.2433,1.4065,1119,794,523,330,262,1119,1317,593,36.96,26.22,17.27,10.9,8.65,43.48,19.58,13.84
1165059000,방배본동,서초구,서초구,2023,20594,3225,15.66,549.0,425.0,17.02,4.0,4,0.915,2.665,645.0,0.74,1.2551,449.7442,1.4687,1061,757,621,407,377,1061,1378,786,32.92,23.49,19.27,12.63,11.7,42.73,24.37,25.6
1165060000,방배1동,서초구,서초구,2023,16688,3024,18.12,561.0,425.0,18.55,2.0,4,0.915,3.361,1008.0,0.77,1.2341,533.1312,1.463,1011,770,593,392,257,1011,1363,650,33.44,25.47,19.62,12.97,8.5,45.07,21.49,27.76
1165061000,방배2동,서초구,서초구,2023,18401,3569,19.4,737.0,804.0,20.65,1.0,4,0.915,4.006,1784.5,1.02,1.2237,727.8976,1.4764,1253,901,712,443,258,1253,1613,703,35.13,25.26,19.96,12.42,7.23,45.19,19.7,-8.7
1165062000,방배3동,서초구,서초구,2023,17139,3325,19.4,353.0,560.0,10.62,5.0,4,0.915,2.06,554.17,1.11,1.2288,408.576,1.3593,1200,848,601,399,276,1200,1449,676,36.1,25.51,18.08,12.0,8.3,43.58,20.33,-24.336
1165062100,방배4동,서초구,서초구,2023,23061,3627,15.73,665.0,603.0,18.33,2.0,4,0.915,2.883,1209.0,0.44,1.2497,647.5231,1.4788,1136,862,752,506,370,1136,1614,877,31.33,23.77,20.74,13.95,10.2,44.5,24.18,9.79
1165065100,양재1동,서초구,서초구,2023,42377,7330,17.3,1614.0,1037.0,22.02,3.0,4,0.915,3.809,1832.5,0.81,1.2257,1123.0476,1.4956,2727,1897,1289,797,615,2727,3186,1417,37.23,25.9,17.6,10.88,8.4,43.47,19.33,44.24
1165065200,양재2동,서초구,서초구,2023,21513,3109,14.45,829.0,539.0,26.66,1.0,4,0.915,3.852,1554.5,0.65,1.2156,629.8834,1.5397,1188,815,559,330,216,1188,1374,547,38.22,26.22,17.99,10.62,6.95,44.19,17.59,43.05
1165066000,내곡동,서초구,서초구,2023,17340,3468,20.0,618.0,481.0,17.82,1.0,4,0.915,3.564,1734.0,1.06,1.2304,711.1712,1.4497,1248,854,658,411,295,1248,1512,708,36.01,24.64,18.98,11.86,8.51,43.6,20.42,25.06
1168051000,신사동,강남구,강남구,2023,15623,3083,19.73,578.0,429.0,35.03,3.0,8,0.83,6.911,770.75,0.67,1.2608,323.9205,1.7025,869,732,677,459,346,869,1409,805,28.19,23.74,21.96,14.89,11.22,45.7,26.11,29.81
1168052100,논현1동,강남구,강남구,2023,21360,3001,14.05,905.0,536.0,30.16,15.0,8,0.83,4.237,187.56,0.56,1.2316,154.0013,1.6031,1018,767,592,369,253,1018,1359,624,33.94,25.58,19.74,12.3,8.44,45.28,20.79,52.38
1168053100,논현2동,강남구,강남구,2023,20501,3200,15.61,731.0,468.0,22.84,13.0,8,0.83,3.565,228.57,0.48,1.2312,179.0836,1.5124,1063,815,659,403,259,1063,1474,663,33.23,25.48,20.6,12.6,8.1,46.06,20.72,44.59
1168054500,압구정동,강남구,강남구,2023,25720,5330,20.72,876.0,705.0,16.44,13.0,8,0.83,3.406,380.71,0.73,1.2509,303.059,1.4565,1558,1332,1143,736,556,1558,2475,1297,29.26,25.01,21.46,13.82,10.44,46.44,24.33,21.72
1168056500,청담동,강남구,강남구,2023,25213,3839,15.23,671.0,551.0,17.48,11.0,8,0.83,2.662,319.92,0.62,1.228,235.7146,1.4427,1346,956,768,457,309,1346,1724,769,35.09,24.92,20.02,11.91,8.06,44.91,20.03,19.7
1168058000,삼성1동,강남구,강남구,2023,12464,2232,17.91,388.0,289.0,17.38,11.0,8,0.83,3.113,186.0,1.08,1.2248,136.6877,1.4377,790,557,437,284,163,790,994,448,35.41,24.97,19.59,12.73,7.31,44.53,20.07,29.46
1168059000,삼성2동,강남구,강남구,2023,30768,3931,12.78,825.0,491.0,20.99,3.0,8,0.83,2.683,982.75,0.67,1.2277,402.1741,1.4854,1245,1049,812,535,287,1245,1861,825,31.7,26.71,20.67,13.62,7.31,47.34,20.99,51.89
1168060000,대치1동,강남구,강남구,2023,23874,2709,11.35,240.0,164.0,8.86,1.0,8,0.83,1.006,1354.5,0.59,1.2179,329.9291,1.3258,980,743,495,297,193,980,1238,491,36.19,27.44,18.28,10.97,7.13,45.7,18.12,38.08
1168061000,대치2동,강남구,강남구,2023,36957,5390,14.58,638.0,451.0,11.84,7.0,8,0.83,1.726,673.75,0.81,1.2053,406.0354,1.348,2096,1522,977,462,333,2096,2499,795,38.89,28.24,18.13,8.57,6.18,46.36,14.75,34.69
1168063000,대치4동,강남구,강남구,2023,19009,2098,11.04,589.0,358.0,28.07,5.0,8,0.83,3.099,349.67,0.35,1.2248,183.545,1.5686,686,533,464,268,146,686,997,415,32.71,25.42,22.13,12.78,6.96,47.52,19.78,49.79
1168064000,역삼1동,강남구,강남구,2023,34474,3684,10.69,1228.0,717.0,33.33,11.0,8,0.83,3.563,307.0,0.23,1.2282,226.2344,1.6376,1319,889,713,475,286,1319,1602,763,35.82,24.14,19.36,12.9,7.77,43.49,20.71,53.81
1168065000,역삼2동,강남구,강남구,2023,37085,3919,10.57,780.0,491.0,19.9,4.0,8,0.83,2.103,783.8,0.34,1.2256,369.4713,1.4695,1290,1010,850,480,287,1290,1860,769,32.93,25.79,21.7,12.25,7.33,47.46,19.62,46.28
1168065500,도곡1동,강남구,강남구,2023,20839,3079,14.78,510.0,348.0,16.56,13.0,8,0.83,2.448,219.93,0.75,1.2222,171.0524,1.4246,1184,772,544,334,243,1184,1316,579,38.48,25.09,17.68,10.85,7.9,42.74,18.8,38.22
1168065600,도곡2동,강남구,강남구,2023,32762,5162,15.76,713.0,549.0,13.81,0.0,8,0.83,2.176,5162.0,0.78,1.2336,707.5381,1.404,1759,1348,995,592,466,1759,2343,1060,34.09,26.12,19.28,11.47,9.03,45.39,20.53,26.14
1168066000,개포1동,강남구,강남구,2023,6904,1679,24.32,599.0,325.0,35.68,0.0,8,0.83,8.677,1679.0,0.3,1.2204,227.6724,1.6558,600,459,302,194,123,600,761,318,35.76,27.35,18.0,11.56,7.33,45.32,18.94,61.14
1168067000,개포2동,강남구,강남구,2023,30287,4009,13.24,754.0,282.0,18.81,0.0,8,0.83,2.49,4009.0,0.1,1.2014,535.157,1.4274,1617,1168,654,327,242,1617,1822,570,40.34,29.14,16.32,8.16,6.04,45.45,14.22,98.35
1168069000,개포4동,강남구,강남구,2023,23467,3535,15.06,871.0,386.0,24.64,3.0,8,0.83,3.711,883.75,1.17,1.2092,356.2102,1.5071,1465,906,582,344,235,1465,1488,582,41.48,25.65,16.48,9.74,6.65,42.09,16.46,81.38
1168070000,세곡동,강남구,강남구,2023,43259,6950,16.07,1908.0,954.0,27.45,2.0,8,0.83,4.411,2316.67,0.64,1.2497,789.5832,1.5927,2423,1639,1241,861,780,2423,2880,1647,34.89,23.6,17.87,12.4,11.23,41.44,23.7,69.31
1168072000,일원본동,강남구,강남구,2023,22972,3416,14.87,531.0,408.0,15.54,1.0,8,0.83,2.311,1708.0,1.22,1.215,415.044,1.4038,1505,854,496,264,292,1505,1350,561,44.12,25.04,14.54,7.74,8.56,39.52,16.42,26.35
1168073000,일원1동,강남구,강남구,2023,14843,3413,22.99,1600.0,746.0,46.88,0.0,8,0.83,10.778,3413.0,1.0,1.2273,465.4194,1.8027,1266,860,602,388,292,1266,1462,685,37.15,25.23,17.66,11.38,8.57,42.84,20.07,76.3
1168075000,수서동,강남구,강남구,2023,14274,4972,34.83,3410.0,1343.0,68.58,3.0,8,0.83,23.886,1243.0,3.09,1.2278,508.7185,2.0698,1780,1317,901,540,430,1780,2218,974,35.83,26.51,18.14,10.87,8.66,44.61,19.59,93.18
1171051000,풍납1동,송파구,송파구,2023,12311,2809,22.82,1029.0,616.0,36.63,1.0,9,0.961,8.359,1404.5,1.5,1.2229,312.2842,1.6708,1071,669,512,352,204,1071,1181,557,38.14,23.82,18.23,12.54,7.26,42.04,19.83,51.31
1171052000,풍납2동,송파구,송파구,2023,24157,4072,16.86,1002.0,726.0,24.61,2.0,9,0.961,4.149,1357.33,1.24,1.2222,414.7332,1.523,1557,1045,704,446,319,1557,1749,766,38.25,25.67,17.29,10.96,7.84,42.95,18.81,32.22
1171053100,거여1동,송파구,송파구,2023,12181,2524,20.72,877.0,419.0,34.75,1.0,9,0.961,7.2,1262.0,1.12,1.2235,280.7376,1.6487,932,613,469,325,183,932,1082,510,36.95,24.31,18.6,12.89,7.26,42.87,20.21,73.86
1171053200,거여2동,송파구,송파구,2023,23671,4345,18.36,1559.0,686.0,35.88,3.0,9,0.961,6.588,1086.25,0.76,1.226,409.7669,1.6659,1591,1061,820,528,341,1591,1881,873,36.65,24.44,18.89,12.16,7.86,43.29,20.09,82.09
1171054000,마천1동,송파구,송파구,2023,18442,4347,23.57,1847.0,955.0,42.49,0.0,9,0.961,10.015,4347.0,1.12,1.2356,537.1153,1.7606,1493,1079,802,601,371,1493,1881,973,34.35,24.83,18.45,13.83,8.54,43.27,22.38,65.96
1171055000,마천2동,송파구,송파구,2023,17953,4214,23.47,1691.0,1061.0,40.13,4.0,9,0.961,9.419,842.8,1.52,1.2328,371.0728,1.7275,1504,1040,761,556,353,1504,1801,909,35.69,24.68,18.06,13.19,8.38,42.74,21.57,46.61
1171056100,방이1동,송파구,송파구,2023,15303,2340,15.29,491.0,282.0,20.98,1.0,9,0.961,3.208,1170.0,0.84,1.2248,260.5484,1.4818,926,607,353,244,207,926,960,454,39.62,25.97,15.1,10.44,8.86,41.03,19.4,55.45
1171056200,방이2동,송파구,송파구,2023,25913,3685,14.22,1229.0,724.0,33.35,4.0,9,0.961,4.742,737.0,0.75,1.2179,320.5687,1.6241,1437,935,642,408,263,1437,1577,671,39.0,25.37,17.42,11.07,7.14,42.8,18.21,52.92
1171056600,오륜동,송파구,송파구,2023,17772,3092,17.4,307.0,233.0,9.93,0.0,9,0.961,1.728,3092.0,1.36,1.2107,374.3484,1.3309,1269,867,481,234,239,1269,1348,475,41.07,28.06,15.57,7.57,7.73,43.6,15.36,27.58
1171057000,오금동,송파구,송파구,2023,37756,6887,18.24,1861.0,962.0,27.02,5.0,9,0.961,4.928,1147.83,1.32,1.2299,564.6881,1.5622,2703,1714,1115,689,658,2703,2829,1355,39.29,24.92,16.21,10.02,9.57,41.08,19.67,65.99
1171058000,송파1동,송파구,송파구,2023,23626,3630,15.36,876.0,544.0,24.13,4.0,9,0.961,3.706,726.0,0.71,1.2198,316.2767,1.5141,1395,966,598,396,275,1395,1564,671,38.43,26.61,16.47,10.91,7.58,43.09,18.48,47.64
1171059000,송파2동,송파구,송파구,2023,18799,3051,16.23,504.0,328.0,16.52,0.0,9,0.961,2.681,3051.0,0.92,1.2146,370.5745,1.4153,1237,817,492,273,232,1237,1309,505,40.54,26.78,16.13,8.95,7.6,42.9,16.55,42.96
1171060000,석촌동,송파구,송파구,2023,31095,4726,15.2,1637.0,925.0,34.64,4.0,9,0.961,5.265,945.2,0.9,1.2163,410.5881,1.6376,1813,1192,874,513,330,1813,2066,847,38.39,25.24,18.51,10.86,6.99,43.72,17.92,57.08
1171061000,삼전동,송파구,송파구,2023,29411,4186,14.23,1542.0,790.0,36.84,9.0,9,0.961,5.242,418.6,0.92,1.2173,268.1904,1.6658,1623,1058,749,455,299,1623,1807,756,38.79,25.29,17.9,10.87,7.15,43.17,18.06,66.88
1171062000,가락본동,송파구,송파구,2023,25598,4068,15.89,1117.0,568.0,27.46,15.0,9,0.961,4.363,254.25,1.2,1.2216,198.7788,1.5571,1634,1014,654,442,323,1634,1668,766,40.18,24.93,16.08,10.87,7.94,41.0,18.83,67.63
1171063100,가락1동,송파구,송파구,2023,27478,3846,14.0,540.0,6.0,14.04,0.0,9,0.961,1.966,3846.0,1.14,1.1884,457.0586,1.3553,1680,1109,592,288,176,1680,1701,465,43.69,28.84,15.4,7.49,4.58,44.23,12.09,114.7520000000001
1171063200,가락2동,송파구,송파구,2023,31528,4562,14.47,884.0,473.0,19.38,0.0,9,0.961,2.804,4562.0,0.98,1.2208,556.929,1.4574,1899,1121,710,445,383,1899,1831,832,41.66,24.59,15.58,9.76,8.4,40.14,18.24,62.54
1171064100,문정1동,송파구,송파구,2023,19693,3219,16.35,631.0,346.0,19.6,1.0,9,0.961,3.205,1609.5,1.33,1.2101,354.1193,1.4473,1375,806,509,304,223,1375,1315,529,42.74,25.05,15.82,9.45,6.93,40.85,16.43,60.09
1171064200,문정2동,송파구,송파구,2023,28735,4227,14.71,540.0,339.0,12.78,2.0,9,0.961,1.88,1409.0,0.68,1.2318,433.9016,1.3892,1578,1092,702,453,399,1578,1794,855,37.36,25.85,16.62,10.72,9.45,42.44,20.23,46.56
1171064600,장지동,송파구,송파구,2023,28910,4662,16.13,1355.0,735.0,29.06,0.0,9,0.961,4.687,4662.0,1.1,1.2237,570.4889,1.5793,1822,1188,754,498,394,1822,1942,898,39.13,25.52,16.19,10.7,8.46,41.66,19.26,61.17
1171064700,위례동,송파구,송파구,2023,44569,3658,8.21,711.0,243.0,19.44,2.0,9,0.961,1.596,1219.33,0.54,1.2215,372.3539,1.459,1529,893,583,332,318,1529,1476,653,41.83,24.43,15.95,9.08,8.7,40.35,17.85,107.36
1171065000,잠실본동,송파구,송파구,2023,27854,3945,14.16,1388.0,686.0,35.18,3.0,9,0.961,4.981,986.25,0.52,1.214,368.4023,1.6411,1587,990,689,406,272,1587,1679,679,40.24,25.1,17.47,10.29,6.9,42.56,17.21,70.47
1171067000,잠실2동,송파구,송파구,2023,34875,3939,11.29,495.0,404.0,12.57,0.0,9,0.961,1.419,3939.0,0.49,1.2135,477.9976,1.366,1428,1078,753,426,253,1428,1831,680,36.26,27.37,19.12,10.82,6.42,46.48,17.26,20.31
1171068000,잠실3동,송파구,송파구,2023,34041,6131,18.01,736.0,561.0,12.0,2.0,9,0.961,2.161,2043.67,0.89,1.2082,617.2895,1.3532,2317,1742,1106,579,386,2317,2848,966,37.8,28.42,18.04,9.45,6.3,46.45,15.76,27.15
1171069000,잠실4동,송파구,송파구,2023,21184,3018,14.25,405.0,313.0,13.42,0.0,9,0.961,1.912,3018.0,0.9,1.2139,366.355,1.3768,1194,775,525,317,206,1194,1300,524,39.58,25.69,17.4,10.51,6.83,43.07,17.36,25.77
1171071000,잠실6동,송파구,송파구,2023,16571,3035,18.32,371.0,271.0,12.22,3.0,9,0.961,2.239,758.75,1.24,1.2308,287.3445,1.3812,1180,754,493,321,285,1180,1247,608,38.91,24.86,16.25,10.58,9.4,41.09,20.03,31.41
1171072000,잠실7동,송파구,송파구,2023,9442,2257,23.9,264.0,214.0,11.7,0.0,9,0.961,2.796,2257.0,1.23,1.2492,281.9444,1.3954,741,570,415,278,251,741,985,531,32.86,25.28,18.4,12.33,11.13,43.64,23.53,21.0
1174053000,명일제1동,강동구,강동구,2023,25449,4312,16.94,823.0,510.0,19.09,3.0,10,0.899,3.234,1078.0,1.12,1.2125,373.45,1.444,1797,1108,691,400,314,1797,1799,716,41.69,25.71,16.03,9.28,7.29,41.72,16.6,47.85
1174054000,명일제2동,강동구,강동구,2023,17259,2814,16.3,372.0,233.0,13.22,0.0,10,0.899,2.155,2814.0,1.29,1.207,308.7725,1.3666,1218,752,425,212,205,1218,1177,419,43.31,26.74,15.11,7.54,7.29,41.83,14.89,46.79
1174055000,고덕제1동,강동구,강동구,2023,23847,3027,12.69,476.0,317.0,15.73,0.0,10,0.899,1.996,3027.0,0.77,1.2216,336.1621,1.4138,1266,755,454,289,261,1266,1209,552,41.85,24.96,15.01,9.55,8.63,39.94,18.24,40.65
1174056000,고덕제2동,강동구,강동구,2023,22729,3189,14.03,659.0,381.0,20.66,1.0,10,0.899,2.899,1594.5,0.41,1.2053,320.3085,1.4543,1380,821,493,287,206,1380,1314,495,43.3,25.76,15.47,9.01,6.46,41.2,15.52,54.79
1174057000,암사제1동,강동구,강동구,2023,34046,6335,18.61,1832.0,1191.0,28.92,1.0,10,0.899,5.382,3167.5,0.89,1.225,646.6979,1.5793,2271,1673,1127,768,493,2271,2800,1264,35.87,26.42,17.8,12.13,7.79,44.2,19.95,43.06
1174058000,암사제2동,강동구,강동구,2023,14940,2554,17.1,485.0,315.0,18.99,0.0,10,0.899,3.247,2554.0,1.15,1.222,283.7262,1.4541,914,646,509,300,184,914,1155,485,35.8,25.3,19.94,11.75,7.21,45.22,18.99,43.16
1174059000,암사제3동,강동구,강동구,2023,17478,2854,16.33,391.0,275.0,13.7,0.0,10,0.899,2.237,2854.0,1.19,1.2126,314.6146,1.3787,1136,739,479,303,194,1136,1218,500,39.85,25.92,16.8,10.63,6.8,42.68,17.52,35.19
1174060000,천호제1동,강동구,강동구,2023,26419,5518,20.89,1595.0,1128.0,28.91,0.0,10,0.899,6.039,5518.0,1.2,1.2173,610.6419,1.5692,2090,1401,991,661,372,2090,2392,1036,37.9,25.4,17.97,11.99,6.75,43.35,18.77,34.64
1174061000,천호제2동,강동구,강동구,2023,33237,6143,18.48,1912.0,1971.0,31.12,11.0,10,0.899,5.751,511.92,0.57,1.2207,340.8527,1.6006,2207,1572,1155,794,413,2207,2727,1209,35.94,25.6,18.81,12.93,6.73,44.39,19.68,-3.04
1174062000,천호제3동,강동구,강동구,2023,26276,4862,18.5,1497.0,1265.0,30.79,2.0,10,0.899,5.696,1620.67,0.95,1.2242,457.8508,1.6011,1820,1195,875,592,375,1820,2070,972,37.47,24.6,18.02,12.19,7.72,42.58,19.99,16.84
1174064000,성내제1동,강동구,강동구,2023,19654,3224,16.4,584.0,420.0,18.11,5.0,10,0.899,2.97,537.33,0.66,1.2202,245.8703,1.4412,1165,905,562,345,246,1165,1467,592,36.15,28.08,17.44,10.7,7.63,45.5,18.36,32.96
1174065000,성내제2동,강동구,강동구,2023,22912,4507,19.67,1404.0,932.0,31.15,5.0,10,0.899,6.127,751.17,0.8,1.224,344.7855,1.6053,1595,1195,816,563,336,1595,2011,901,35.41,26.53,18.11,12.5,7.46,44.62,19.99,40.97
1174066000,성내제3동,강동구,강동구,2023,22793,4129,18.12,973.0,630.0,23.57,3.0,10,0.899,4.271,1032.25,1.18,1.2169,358.8986,1.5037,1516,1063,781,486,278,1516,1844,769,36.76,25.78,18.94,11.78,6.74,44.66,18.62,43.47
1174068500,길동,강동구,강동구,2023,44947,8560,19.04,2119.0,1343.0,24.75,13.0,10,0.899,4.712,611.43,1.28,1.2156,433.564,1.5165,3334,2233,1476,903,609,3334,3709,1517,38.97,26.1,17.25,10.56,7.12,43.33,17.72,45.6
1174070000,둔촌제2동,강동구,강동구,2023,24142,4283,17.74,908.0,741.0,21.2,3.0,10,0.899,3.761,1070.75,0.81,1.2216,373.7223,1.4806,1684,1078,736,441,343,1684,1814,785,39.33,25.18,17.19,10.3,8.01,42.35,18.33,20.32
