행정동코드,행정동명,시군구명,자치구명,연도,총인구수,65세이상인구,독거노인수_2018,고령화율,고령화율_변화,독거노인비율,비율_75-79세,비율_80-84세,비율_85세이상,인프라갭,포화도,시설수,수요공급갭지수,요양수요가속도
1111051500,청운효자동,종로구,종로구,2023,11605,2144,448.0,18.47,0.42,29.9,20.81,16.99,11.99,2144.0,0.961,8,302.6852,35.82
1111053000,사직동,종로구,종로구,2023,9120,1808,1822.0,19.82,1.04,30.75,18.21,17.65,15.16,602.67,0.961,8,212.4236,-24.336
1111054000,삼청동,종로구,종로구,2023,2322,589,167.0,25.37,0.67,32.77,18.37,15.48,14.29,294.5,0.961,8,75.4391,14.47
1111055000,부암동,종로구,종로구,2023,9178,1825,331.0,19.88,0.94,25.1,19.47,14.81,12.18,1825.0,0.961,8,256.5342,32.48
1111056000,평창동,종로구,종로구,2023,17602,3510,649.0,19.94,0.94,23.76,17.58,14.01,13.1,1755.0,0.961,8,445.0329,25.08
1111057000,무악동,종로구,종로구,2023,8019,1483,236.0,18.49,0.96,29.4,17.43,18.31,10.2,741.5,0.961,8,186.6059,61.38
1111058000,교남동,종로구,종로구,2023,9783,1649,346.0,16.86,0.58,34.99,18.19,15.04,9.76,549.67,0.961,8,187.0116,51.14
1111060000,가회동,종로구,종로구,2023,3969,842,196.0,21.21,-0.03,29.81,22.33,16.27,12.0,842.0,0.961,8,118.8343,24.73
1111061500,종로1.2.3.4가동,종로구,종로구,2023,6760,1733,949.0,25.64,-1.02,85.92,18.76,14.78,8.89,433.25,0.961,8,179.2355,45.05
1111063000,종로5.6가동,종로구,종로구,2023,5396,1066,401.0,19.76,-0.94,57.79,21.67,16.04,9.19,1066.0,0.961,8,147.949,42.93
1111064000,이화동,종로구,종로구,2023,7096,1353,353.0,19.07,0.3,44.42,18.18,16.19,11.9,338.25,0.961,8,142.6851,53.21
1111065000,혜화동,종로구,종로구,2023,16197,2675,600.0,16.52,0.02,31.63,20.35,18.03,12.76,2675.0,0.961,8,379.9392,34.36
1111067000,창신제1동,종로구,종로구,2023,4637,1180,497.0,25.45,0.15,68.9,17.37,15.68,7.97,590.0,0.961,8,145.8008,49.21
1111068000,창신제2동,종로구,종로구,2023,7682,1833,471.0,23.86,1.84,51.88,18.17,14.18,9.0,1833.0,0.961,8,252.5059,70.27
1111069000,창신제3동,종로구,종로구,2023,6459,1269,227.0,19.65,1.19,31.84,17.57,15.13,10.32,1269.0,0.961,8,176.4051,57.65
1111070000,숭인제1동,종로구,종로구,2023,5783,1215,409.0,21.01,0.77,45.93,17.86,15.56,9.38,1215.0,0.961,8,168.183,31.06
1111071000,숭인제2동,종로구,종로구,2023,9825,1704,566.0,17.34,0.27,55.99,17.66,14.67,7.39,852.0,0.961,8,209.4557,52.21
1114052000,소공동,중구,중구,2023,2228,261,62.0,11.71,0.6,33.33,16.09,10.73,7.66,130.5,1.0,2,79.5724,33.88
1114054000,회현동,중구,중구,2023,4506,1267,480.0,28.12,0.41,43.65,17.31,12.65,10.67,1267.0,1.0,2,526.6074,14.16
1114055000,명동,중구,중구,2023,2728,730,167.0,26.76,1.49,27.26,17.67,14.52,10.41,146.0,1.0,2,130.378,17.53
1114057000,필동,중구,중구,2023,3938,872,244.0,22.14,-0.27,36.24,14.79,16.17,13.07,436.0,1.0,2,277.0126,25.86
1114058000,장충동,중구,중구,2023,4577,851,178.0,18.59,-0.11,31.84,18.45,16.69,11.16,851.0,1.0,2,357.9306,42.03
1114059000,광희동,중구,중구,2023,5429,1106,364.0,20.37,-0.61,42.95,19.35,13.92,8.32,368.67,1.0,2,273.2705,26.62
1114060500,을지로동,중구,중구,2023,1674,454,225.0,27.12,1.05,64.32,17.62,11.89,8.15,227.0,1.0,2,139.3099,26.07
1114061500,신당동,중구,중구,2023,7607,1479,442.0,19.44,0.53,43.0,19.68,14.13,9.6,739.5,1.0,2,460.4497,36.39
1114062500,다산동,중구,중구,2023,13486,2835,567.0,21.02,0.9,26.98,18.64,16.38,9.42,708.75,1.0,2,590.1052,29.95
1114063500,약수동,중구,중구,2023,16347,4009,867.0,24.52,1.48,30.03,17.65,14.95,12.58,4009.0,1.0,2,1692.7334,32.84
1114064500,청구동,중구,중구,2023,13149,2836,635.0,21.57,1.26,30.61,18.28,15.98,11.4,2836.0,1.0,2,1192.538,31.26
1114065000,신당제5동,중구,중구,2023,10127,1877,428.0,18.53,0.89,32.98,20.96,14.88,8.96,1877.0,1.0,2,778.2042,36.9
1114066500,동화동,중구,중구,2023,10033,1960,270.0,19.54,0.85,18.06,17.55,15.2,11.99,980.0,1.0,2,618.919,27.09
1114067000,황학동,중구,중구,2023,12739,2047,529.0,16.07,0.03,34.2,18.52,12.81,8.94,1023.5,1.0,2,632.6254,28.01
1114068000,중림동,중구,중구,2023,11987,2202,477.0,18.37,1.1,29.43,19.11,13.88,10.87,2202.0,1.0,2,919.7754,30.64
1117051000,후암동,용산구,용산구,2023,16294,2994,768.0,18.37,0.47,31.86,17.79,13.91,11.67,2994.0,0.983,2,1255.1846,21.69
1117052000,용산2가동,용산구,용산구,2023,9043,2017,490.0,22.3,0.94,28.41,18.44,14.63,12.25,2017.0,0.983,2,849.9638,15.65
1117053000,남영동,용산구,용산구,2023,7075,1549,785.0,21.89,1.04,62.56,15.51,13.19,7.5,1549.0,0.983,2,632.0953,21.06
1117055500,청파동,용산구,용산구,2023,19080,3240,815.0,16.98,0.07,32.87,18.93,14.92,9.88,1620.0,0.983,2,1011.366,26.75
1117056000,원효로제1동,용산구,용산구,2023,17161,2063,426.0,12.02,-0.25,25.06,16.21,12.86,9.56,2063.0,0.983,2,851.7439,19.36
1117057000,원효로제2동,용산구,용산구,2023,13695,2349,486.0,17.15,0.27,24.27,18.07,13.76,12.4,2349.0,0.983,2,988.6941,15.94
1117058000,효창동,용산구,용산구,2023,10743,1573,218.0,14.64,-0.28,20.41,18.69,16.66,11.06,1573.0,0.983,2,661.3416,38.69
1117059000,용문동,용산구,용산구,2023,11493,2178,382.0,18.95,0.76,24.43,18.98,16.04,8.55,2178.0,0.983,2,901.7646,33.12
1117062500,한강로동,용산구,용산구,2023,21127,3145,726.0,14.89,0.21,25.63,16.64,13.62,11.68,1572.5,0.983,2,987.4514,10.45
1117063000,이촌제1동,용산구,용산구,2023,25022,4311,687.0,17.23,0.45,17.3,17.41,16.53,15.21,2155.5,0.983,2,1389.3275,8.24
1117064000,이촌제2동,용산구,용산구,2023,8003,1787,367.0,22.33,0.54,23.89,16.84,13.65,11.86,1787.0,0.983,2,749.0508,15.14
1117065000,이태원제1동,용산구,용산구,2023,6124,1317,327.0,21.51,0.44,28.47,18.98,14.73,13.14,658.5,0.983,2,418.5426,13.7
1117066000,이태원제2동,용산구,용산구,2023,8685,1824,428.0,21.0,0.89,28.12,18.87,18.49,11.85,1824.0,0.983,2,773.1936,18.12
1117068500,한남동,용산구,용산구,2023,19398,3595,823.0,18.53,0.21,23.81,17.58,14.77,9.96,1797.5,0.983,2,1121.2805,3.93
1117069000,서빙고동,용산구,용산구,2023,12540,2130,425.0,16.99,0.71,22.68,14.65,15.69,17.94,2130.0,0.983,2,925.698,12.79
1117070000,보광동,용산구,용산구,2023,12692,2657,687.0,20.93,0.9,29.77,18.4,14.9,10.31,2657.0,0.983,2,1108.1461,14.1
1120052000,왕십리제2동,성동구,성동구,2023,16299,2659,631.0,16.31,0.65,25.95,17.6,13.5,8.95,2659.0,0.909,4,657.943,8.94
1120053500,왕십리도선동,성동구,성동구,2023,26401,3952,869.0,14.97,0.5,25.35,17.26,14.68,10.1,790.4,0.909,4,548.0546,14.24
1120054000,마장동,성동구,성동구,2023,22014,4067,816.0,18.47,0.74,26.31,18.32,14.46,9.47,4067.0,0.909,4,1011.8696,27.1
1120055000,사근동,성동구,성동구,2023,12000,1524,331.0,12.7,-0.07,26.64,21.72,17.52,9.32,762.0,0.909,4,318.4906,20.42
1120056000,행당제1동,성동구,성동구,2023,13700,2206,581.0,16.1,0.59,22.67,19.45,14.49,9.45,551.5,0.909,4,343.3088,-15.01
1120057000,행당제2동,성동구,성동구,2023,22975,4037,706.0,17.57,0.93,22.99,19.68,14.42,9.12,4037.0,0.909,4,1003.2752,27.34
1120058000,응봉동,성동구,성동구,2023,14997,2548,466.0,16.99,0.2,20.05,20.05,15.31,10.16,2548.0,0.909,4,638.3759,9.22
1120059000,금호1가동,성동구,성동구,2023,15006,2765,577.0,18.43,0.91,27.45,17.44,13.57,9.88,2765.0,0.909,4,687.8214,27.42
1120061500,금호2.3가동,성동구,성동구,2023,22202,4016,852.0,18.09,0.88,23.58,18.7,15.11,8.88,2008.0,0.909,4,831.1781,10.57
1120062000,금호4가동,성동구,성동구,2023,14177,2537,512.0,17.9,0.99,27.36,18.97,13.02,9.7,2537.0,0.909,4,630.4445,30.41
1120064500,옥수동,성동구,성동구,2023,25534,4325,698.0,16.94,1.05,19.68,18.09,13.09,10.22,4325.0,0.909,4,1077.444,19.82
1120065000,성수1가제1동,성동구,성동구,2023,15904,2391,489.0,15.03,1.05,25.22,16.83,11.98,8.12,2391.0,0.909,4,586.6079,20.96
1120066000,성수1가제2동,성동구,성동구,2023,12149,1986,455.0,16.35,0.86,23.16,18.63,13.34,8.41,1986.0,0.909,4,490.1051,1.09
1120067000,성수2가제1동,성동구,성동구,2023,15109,2943,776.0,19.48,1.11,30.28,17.27,13.16,7.55,2943.0,0.909,4,721.6825,13.82
1120069000,성수2가제3동,성동구,성동구,2023,10263,1835,375.0,17.88,0.03,21.42,20.13,13.75,9.0,367.0,0.909,4,252.9242,4.69
1120072000,송정동,성동구,성동구,2023,10033,1855,462.0,18.49,1.12,31.64,18.17,11.81,7.76,618.33,0.909,4,324.5985,23.95
1120079000,용답동,성동구,성동구,2023,11711,2205,717.0,18.83,0.23,38.5,20.55,15.38,9.07,275.62,0.909,4,228.879,16.9
1121571000,화양동,광진구,광진구,2023,23434,2345,523.0,10.01,0.16,29.08,18.6,14.16,9.0,390.83,0.967,8,207.7335,26.54
1121573000,군자동,광진구,광진구,2023,19425,3178,681.0,16.36,0.92,29.17,19.52,13.72,8.28,3178.0,0.967,8,435.9863,30.84
1121574000,중곡제1동,광진구,광진구,2023,15385,2645,521.0,17.19,0.71,28.7,19.7,13.8,6.92,2645.0,0.967,8,360.1314,37.63
1121575000,중곡제2동,광진구,광진구,2023,20959,3445,648.0,16.44,0.96,26.73,18.32,12.89,7.23,3445.0,0.967,8,468.5583,35.16
1121576000,중곡제3동,광진구,광진구,2023,15955,2957,666.0,18.53,0.57,33.55,19.22,13.94,7.37,1478.5,0.967,8,363.297,39.84
1121577000,중곡제4동,광진구,광진구,2023,27919,5451,1082.0,19.52,1.19,24.84,18.66,12.77,7.23,5451.0,0.967,8,741.3966,22.43
1121578000,능동,광진구,광진구,2023,11171,1688,282.0,15.11,0.48,24.17,18.61,15.83,7.53,422.0,0.967,8,173.5827,36.94
1121581000,광장동,광진구,광진구,2023,34073,4029,522.0,11.82,0.77,15.34,15.35,13.71,12.7,4029.0,0.967,8,565.0449,16.88
1121582000,자양제1동,광진구,광진구,2023,21906,3661,765.0,16.71,0.99,31.33,18.27,14.53,8.11,1830.5,0.967,8,451.9504,40.5
1121583000,자양제2동,광진구,광진구,2023,23818,4215,634.0,17.7,1.13,21.54,18.04,11.54,7.12,2107.5,0.967,8,514.0614,35.92
1121584000,자양제3동,광진구,광진구,2023,27536,4515,700.0,16.4,1.04,19.09,15.51,12.98,11.83,4515.0,0.967,8,629.2907,20.82
1121584700,자양제4동,광진구,광진구,2023,17986,3800,874.0,21.13,0.8,32.11,18.0,13.58,7.42,950.0,0.967,8,388.5183,33.35
1121585000,구의제1동,광진구,광진구,2023,23414,3330,640.0,14.22,0.11,28.32,18.48,13.82,8.83,1110.0,0.967,8,374.7764,38.76
1121586000,구의제2동,광진구,광진구,2023,25878,4534,918.0,17.52,0.91,24.83,18.65,12.87,8.12,2267.0,0.967,8,557.9994,20.42
1121587000,구의제3동,광진구,광진구,2023,28212,4417,801.0,15.66,1.07,17.89,17.35,13.03,9.27,4417.0,0.967,8,607.5829,-1.38
1123053600,용신동,동대문구,동대문구,2023,34925,6137,1767.0,17.57,-0.26,35.96,18.69,15.32,9.44,6137.0,0.955,7,956.0679,22.24
1123054500,제기동,동대문구,동대문구,2023,24138,5866,1770.0,24.3,0.8,34.11,19.4,15.58,10.03,1955.33,0.955,7,734.3645,12.27
1123056000,전농제1동,동대문구,동대문구,2023,28728,5818,1788.0,20.25,0.8,34.22,19.39,14.35,9.26,2909.0,0.955,7,803.5951,10.75
1123057000,전농제2동,동대문구,동대문구,2023,18123,3818,705.0,21.07,1.1,23.73,19.03,15.78,9.3,3818.0,0.955,7,595.0353,25.08
1123060000,답십리제1동,동대문구,동대문구,2023,28111,4195,916.0,14.92,0.77,24.72,18.78,13.94,9.02,1048.75,0.955,7,472.8528,12.41
1123061000,답십리제2동,동대문구,동대문구,2023,27753,5817,1155.0,20.96,1.1,25.17,18.54,14.49,9.25,1454.25,0.955,7,657.1624,23.71
1123065000,장안제1동,동대문구,동대문구,2023,38015,6863,1185.0,18.05,0.91,24.42,18.64,11.93,7.0,1372.6,0.955,7,697.9099,34.67
1123066000,장안제2동,동대문구,동대문구,2023,32342,5483,963.0,16.95,0.72,24.42,18.59,11.79,7.22,609.22,0.955,7,418.5585,32.96
1123070500,청량리동,동대문구,동대문구,2023,18620,5480,1678.0,29.43,1.46,38.23,19.85,14.36,9.84,1370.0,0.955,7,621.5815,22.2
1123071000,회기동,동대문구,동대문구,2023,10533,1557,418.0,14.78,0.05,29.87,19.49,18.91,11.19,389.25,0.955,7,179.5787,10.66
1123072000,휘경제1동,동대문구,동대문구,2023,14016,2179,608.0,15.55,0.37,23.22,19.32,14.13,10.23,2179.0,0.955,7,340.3326,-18.36
1123073000,휘경제2동,동대문구,동대문구,2023,24363,4150,763.0,17.03,0.39,23.52,18.46,13.98,8.31,1383.33,0.955,7,512.4005,24.62
1123074000,이문제1동,동대문구,동대문구,2023,17995,3223,1113.0,17.91,0.36,27.77,20.48,17.97,10.24,3223.0,0.955,7,507.8239,-21.8
1123075000,이문제2동,동대문구,동대문구,2023,19631,4154,795.0,21.16,1.08,25.69,20.18,14.71,8.48,4154.0,0.955,7,643.5065,29.43
1126052000,면목제2동,중랑구,중랑구,2023,23839,4828,1185.0,20.25,1.11,34.03,18.58,13.53,7.95,1609.33,0.964,11,424.5536,32.68
1126054000,면목제4동,중랑구,중랑구,2023,18397,3946,865.0,21.45,1.17,30.74,20.1,14.42,5.55,3946.0,0.964,11,400.4532,33.81
1126055000,면목제5동,중랑구,중랑구,2023,14674,2404,411.0,16.38,1.17,26.21,16.85,13.27,7.2,1202.0,0.964,11,226.2534,42.71
1126056500,면목본동,중랑구,중랑구,2023,33121,6374,1593.0,19.24,0.89,34.31,18.35,13.47,7.5,6374.0,0.964,11,652.0071,31.69
1126057000,면목제7동,중랑구,중랑구,2023,21514,4509,857.0,20.96,0.95,26.41,18.96,12.04,7.81,2254.5,0.964,11,425.4415,32.91
1126057500,면목제3.8동,중랑구,중랑구,2023,24381,5235,1158.0,21.47,0.97,32.21,18.36,13.13,7.55,1745.0,0.964,11,458.8104,37.57
1126058000,상봉제1동,중랑구,중랑구,2023,23456,4037,766.0,17.21,1.12,28.41,17.05,13.92,7.85,2018.5,0.964,11,381.9623,40.37
1126059000,상봉제2동,중랑구,중랑구,2023,20242,3097,915.0,15.3,0.22,35.87,17.56,13.03,8.18,774.25,0.964,11,254.0572,19.41
1126060000,중화제1동,중랑구,중랑구,2023,19061,3866,700.0,20.28,1.24,25.12,17.95,12.44,6.34,1933.0,0.964,11,361.7089,32.72
1126061000,중화제2동,중랑구,중랑구,2023,24371,5209,1462.0,21.37,1.09,37.38,17.97,13.88,8.1,5209.0,0.964,11,535.0077,28.65
1126062000,묵제1동,중랑구,중랑구,2023,34077,6201,880.0,18.2,0.77,20.96,18.46,13.13,8.18,2067.0,0.964,11,545.5108,39.02
1126063000,묵제2동,중랑구,중랑구,2023,18385,3783,715.0,20.58,1.17,28.21,17.75,13.49,7.11,3783.0,0.964,11,385.9606,40.03
1126065500,망우본동,중랑구,중랑구,2023,35571,6869,1357.0,19.31,0.66,33.32,17.04,12.77,8.53,686.9,0.964,11,402.9486,52.28
1126066000,망우제3동,중랑구,중랑구,2023,15941,3544,871.0,22.23,1.21,35.86,17.92,12.11,8.83,1772.0,0.964,11,336.162,37.79
1126068000,신내1동,중랑구,중랑구,2023,38129,7304,942.0,19.16,1.26,20.19,17.98,13.06,9.59,2434.67,0.964,11,647.3953,44.84
1126069000,신내2동,중랑구,중랑구,2023,19970,4323,889.0,21.65,1.37,30.3,17.39,12.64,9.7,2161.5,0.964,11,412.3809,38.77
1129052500,성북동,성북구,성북구,2023,16246,3082,741.0,18.97,0.45,26.57,18.97,16.28,13.06,3082.0,0.851,19,196.4313,10.01
1129055500,삼선동,성북구,성북구,2023,22433,4041,1103.0,18.01,0.6,28.41,20.08,16.72,10.35,4041.0,0.851,19,254.0981,4.0
1129057500,동선동,성북구,성북구,2023,15077,2185,644.0,14.49,-0.28,29.7,21.48,16.67,10.26,546.25,0.851,19,119.529,0.77
1129058000,돈암제1동,성북구,성북구,2023,14404,3015,611.0,20.93,1.06,24.68,17.55,14.6,9.46,1507.5,0.851,19,178.5454,19.69
1129059000,돈암제2동,성북구,성북구,2023,23490,3687,501.0,15.7,0.81,17.06,17.09,14.59,11.09,3687.0,0.851,19,231.3039,22.75
1129060000,안암동,성북구,성북구,2023,15096,2126,603.0,14.08,-0.02,30.57,19.96,15.87,11.3,1063.0,0.851,19,127.7726,7.51
1129061000,보문동,성북구,성북구,2023,16303,2601,676.0,15.95,0.33,29.72,18.85,13.42,9.65,650.25,0.851,19,140.5784,13.41
1129062000,정릉제1동,성북구,성북구,2023,17940,3233,580.0,18.02,0.68,20.45,19.18,15.66,9.44,1616.5,0.851,19,192.071,13.07
1129063000,정릉제2동,성북구,성북구,2023,22675,4679,912.0,20.64,1.25,23.04,18.42,14.62,9.15,1559.67,0.851,19,264.1934,16.72
1129064000,정릉제3동,성북구,성북구,2023,15142,3399,914.0,22.45,0.65,29.77,19.98,16.04,10.27,3399.0,0.851,19,213.3212,10.19
1129065000,정릉제4동,성북구,성북구,2023,24415,5012,1076.0,20.53,0.84,25.56,18.64,15.15,8.74,5012.0,0.851,19,310.9695,17.44
1129066000,길음제1동,성북구,성북구,2023,34796,4839,817.0,13.91,0.74,19.32,19.83,14.68,8.54,4839.0,0.851,19,299.8486,13.49
1129068500,길음제2동,성북구,성북구,2023,21621,3136,554.0,14.5,0.19,22.51,16.81,12.76,8.8,627.2,0.851,19,161.1773,24.25
1129070500,종암동,성북구,성북구,2023,38129,7015,1600.0,18.4,0.72,26.46,18.34,15.16,12.05,1753.75,0.851,19,385.52,14.84
1129071500,월곡제1동,성북구,성북구,2023,25955,4947,1003.0,19.06,0.9,24.48,19.1,14.37,8.35,2473.5,0.851,19,291.2841,18.85
1129072500,월곡제2동,성북구,성북구,2023,19188,3742,734.0,19.5,0.75,25.33,18.02,14.86,9.49,3742.0,0.851,19,232.9208,25.58
1129076000,장위제1동,성북구,성북구,2023,23801,4230,921.0,17.77,0.96,28.98,18.12,14.14,7.64,4230.0,0.851,19,260.145,28.61
1129077000,장위제2동,성북구,성북구,2023,13372,3161,797.0,23.64,0.86,29.17,18.52,14.75,8.58,1580.5,0.851,19,186.4388,14.57
1129078000,장위제3동,성북구,성북구,2023,15727,2209,492.0,14.05,0.5,23.63,17.29,12.77,7.24,1104.5,0.851,19,128.6374,5.92
1129081000,석관동,성북구,성북구,2023,34360,7518,1419.0,21.88,1.2,26.51,19.81,14.54,8.08,3759.0,0.851,19,442.3806,33.97
1130553400,삼양동,강북구,강북구,2023,22848,5060,1424.0,22.15,1.1,32.11,19.09,14.59,7.93,5060.0,0.852,10,567.686,13.2
1130553500,미아동,강북구,강북구,2023,21155,4638,1202.0,21.92,0.7,34.52,18.48,15.42,8.69,927.6,0.852,10,383.7481,28.66
1130554500,송중동,강북구,강북구,2023,29215,6234,1380.0,21.34,0.82,27.27,18.88,14.04,7.65,1246.8,0.852,10,511.3958,20.85
1130555500,송천동,강북구,강북구,2023,25521,6304,1702.0,24.7,1.13,34.04,19.1,14.84,8.06,1050.67,0.852,10,486.8658,23.18
1130557500,삼각산동,강북구,강북구,2023,30756,4748,900.0,15.44,0.9,24.81,18.84,14.01,8.98,4748.0,0.852,10,535.1428,26.92
1130559500,번1동,강북구,강북구,2023,18099,3815,927.0,21.08,1.01,31.64,20.64,14.16,8.21,545.0,0.852,10,277.4627,26.39
1130560300,번2동,강북구,강북구,2023,15256,4132,936.0,27.08,1.48,32.72,21.6,15.57,7.53,4132.0,0.852,10,464.3241,36.77
1130560800,번3동,강북구,강북구,2023,16300,4794,1127.0,29.41,1.36,35.36,23.9,16.72,7.66,2397.0,0.852,10,496.219,40.81
1130561500,수유1동,강북구,강북구,2023,20251,4587,1173.0,22.65,1.0,31.59,19.73,14.41,9.01,4587.0,0.852,10,517.8723,21.13
1130562500,수유2동,강북구,강북구,2023,20863,5163,979.0,24.75,1.34,25.53,18.9,15.71,10.46,5163.0,0.852,10,588.9106,29.73
1130563500,수유3동,강북구,강북구,2023,23017,4828,1148.0,20.98,0.64,32.85,19.42,14.69,8.73,2414.0,0.852,10,499.014,32.32
1130564500,우이동,강북구,강북구,2023,20195,5023,1123.0,24.87,1.06,28.19,19.39,16.29,9.76,5023.0,0.852,10,571.5717,23.18
1130566000,인수동,강북구,강북구,2023,29643,7276,1632.0,24.55,1.32,29.21,18.89,14.71,9.36,1039.43,0.852,10,532.6032,26.4
1132051100,창제1동,도봉구,도봉구,2023,24309,4923,902.0,20.25,1.36,24.84,18.5,14.86,9.53,4923.0,0.909,21,278.7313,30.44
1132051200,창제2동,도봉구,도봉구,2023,28567,5543,904.0,19.4,1.05,23.34,18.65,14.08,8.5,1847.67,0.909,21,285.58,35.87
1132051300,창제3동,도봉구,도봉구,2023,13454,3069,688.0,22.81,1.35,29.52,19.77,15.3,7.6,3069.0,0.909,21,172.1709,27.53
1132051400,창제4동,도봉구,도봉구,2023,25916,4570,744.0,17.63,1.26,20.68,16.81,13.48,11.18,4570.0,0.909,21,260.1161,23.91
1132051500,창제5동,도봉구,도봉구,2023,24177,4694,706.0,19.42,1.34,20.9,16.01,13.6,9.81,1173.5,0.909,21,233.2167,32.9
1132052100,도봉제1동,도봉구,도봉구,2023,20418,5998,1312.0,29.38,1.64,31.86,20.56,14.96,8.52,1499.5,0.909,21,297.6448,37.61
1132052200,도봉제2동,도봉구,도봉구,2023,26132,6871,1195.0,26.29,1.86,24.47,18.01,13.62,9.06,6871.0,0.909,21,386.8373,34.12
1132066000,쌍문제1동,도봉구,도봉구,2023,20968,4762,838.0,22.71,0.84,24.02,19.57,15.85,9.03,952.4,0.909,21,228.1364,31.13
1132067000,쌍문제2동,도봉구,도봉구,2023,18259,4077,844.0,22.33,1.26,29.92,17.2,14.11,10.26,1019.25,0.909,21,203.4586,36.85
1132068000,쌍문제3동,도봉구,도봉구,2023,16757,3547,665.0,21.17,0.25,27.46,20.12,15.58,7.7,1773.5,0.909,21,190.6127,38.16
1132068100,쌍문제4동,도봉구,도봉구,2023,18308,3318,438.0,18.12,1.34,19.44,15.01,13.84,9.16,3318.0,0.909,21,186.5923,38.7
1132069000,방학제1동,도봉구,도봉구,2023,28119,6230,1159.0,22.16,1.34,26.74,19.1,13.38,7.76,1038.33,0.909,21,283.765,36.29
1132070000,방학제2동,도봉구,도봉구,2023,19032,4640,1073.0,24.38,1.84,33.36,18.52,15.84,8.21,2320.0,0.909,21,249.9144,36.65
1132071000,방학제3동,도봉구,도봉구,2023,26437,5459,693.0,20.65,1.59,18.28,14.94,12.55,11.09,1819.67,0.909,21,283.7543,36.47
1135056000,월계1동,노원구,노원구,2023,20910,4315,905.0,20.64,0.92,31.84,19.01,13.12,8.83,1438.33,0.814,12,355.7574,41.75
1135057000,월계2동,노원구,노원구,2023,25947,6104,1495.0,23.52,1.24,52.15,17.64,13.0,9.3,6104.0,0.814,12,581.4764,75.57
1135058000,월계3동,노원구,노원구,2023,29106,6434,1288.0,22.11,1.33,40.61,18.3,14.17,9.04,6434.0,0.814,12,613.7541,70.74
1135059500,공릉1동,노원구,노원구,2023,36422,6933,1463.0,19.04,0.93,21.35,17.46,12.31,8.12,770.33,0.814,12,405.4484,1.16
1135060000,공릉2동,노원구,노원구,2023,41817,5965,903.0,14.26,0.67,40.35,17.26,12.18,8.6,2982.5,0.814,12,524.4939,98.04
1135061100,하계1동,노원구,노원구,2023,26568,4738,1243.0,17.83,0.85,49.87,16.55,14.57,11.11,1579.33,0.814,12,396.1916,64.24
1135061200,하계2동,노원구,노원구,2023,21517,3419,639.0,15.89,0.97,61.1,17.84,14.13,11.61,3419.0,0.814,12,330.8277,114.7520000000001
1135061900,중계본동,노원구,노원구,2023,23375,2657,636.0,11.37,0.66,38.88,16.68,14.65,10.39,2657.0,0.814,12,255.3786,48.5
1135062100,중계1동,노원구,노원구,2023,26466,2586,500.0,9.77,0.77,31.25,16.53,14.71,10.3,2586.0,0.814,12,248.435,48.0
1135062400,중계4동,노원구,노원구,2023,19417,4152,991.0,21.38,1.18,32.63,20.12,14.72,10.12,2076.0,0.814,12,370.9812,31.28
1135062500,중계2.3동,노원구,노원구,2023,33213,7688,2106.0,23.15,1.13,31.32,19.28,15.15,11.2,7688.0,0.814,12,744.4941,13.4
1135063000,상계1동,노원구,노원구,2023,37588,7636,1252.0,20.31,1.4,26.27,17.19,13.06,8.94,2545.33,0.814,12,629.0028,47.14
1135064000,상계2동,노원구,노원구,2023,19477,3578,711.0,18.37,1.16,84.04,17.22,13.95,8.67,298.17,0.814,12,184.267,114.7520000000001
1135066500,상계3.4동,노원구,노원구,2023,25113,6225,1760.0,24.79,1.19,38.62,19.5,15.61,8.7,6225.0,0.814,12,594.9663,31.18
1135067000,상계5동,노원구,노원구,2023,23498,5270,1281.0,22.43,1.17,45.05,19.33,14.79,10.31,5270.0,0.814,12,507.4199,61.69
1135069500,상계6.7동,노원구,노원구,2023,31915,5304,1095.0,16.62,0.83,17.52,17.24,13.05,11.26,1060.8,0.814,12,390.6552,-16.44
1135070000,상계8동,노원구,노원구,2023,22208,3079,537.0,13.86,0.69,33.58,16.99,12.11,10.98,3079.0,0.814,12,295.4419,65.52
1135071000,상계9동,노원구,노원구,2023,19921,3713,698.0,18.64,1.29,60.33,16.08,13.2,10.32,1856.5,0.814,12,330.1122,114.7520000000001
1135072000,상계10동,노원구,노원구,2023,18342,2951,426.0,16.09,1.29,58.69,14.24,11.87,10.68,2951.0,0.814,12,281.9794,114.7520000000001
1138051000,녹번동,은평구,은평구,2023,36447,7346,1707.0,20.16,0.92,30.47,18.87,14.94,8.85,1224.33,0.825,17,396.4604,27.08
1138052000,불광제1동,은평구,은평구,2023,37871,8025,1849.0,21.19,0.98,28.2,18.87,15.78,9.7,2675.0,0.825,17,501.3619,20.2
1138053000,불광제2동,은평구,은평구,2023,27121,6186,1548.0,22.81,0.99,34.16,19.22,15.59,8.54,1237.2,0.825,17,348.9748,31.11
1138055100,갈현제1동,은평구,은평구,2023,15587,3267,1103.0,20.96,0.61,26.81,19.16,13.84,8.36,1089.0,0.825,17,201.7699,-23.04
1138055200,갈현제2동,은평구,은평구,2023,27913,5265,1013.0,18.86,1.02,24.6,19.01,13.88,8.66,1316.25,0.825,17,310.2339,24.56
1138056000,구산동,은평구,은평구,2023,31776,6413,1099.0,20.18,0.7,22.03,18.68,13.71,8.73,2137.67,0.825,17,396.7082,25.13
1138057000,대조동,은평구,은평구,2023,27292,5225,1524.0,19.14,-0.14,30.78,19.8,15.87,8.81,1306.25,0.825,17,309.5937,5.37
1138058000,응암제1동,은평구,은평구,2023,33002,5466,933.0,16.56,0.75,24.26,19.19,14.35,9.06,1093.2,0.825,17,308.4812,35.15
1138059000,응암제2동,은평구,은평구,2023,27724,4174,688.0,15.06,0.64,22.14,18.72,13.91,8.75,1391.33,0.825,17,258.3289,29.49
1138060000,응암제3동,은평구,은평구,2023,23894,5780,1552.0,24.19,1.05,33.86,19.64,16.4,10.43,1445.0,0.825,17,345.9743,23.19
1138062500,역촌동,은평구,은평구,2023,44533,8807,1801.0,19.78,1.03,26.12,19.24,14.23,8.16,1761.4,0.825,17,494.3529,24.46
1138063100,신사제1동,은평구,은평구,2023,26754,5268,904.0,19.69,1.16,21.92,19.1,13.99,8.32,2634.0,0.825,17,342.5032,24.5
1138063200,신사제2동,은평구,은평구,2023,19283,3990,828.0,20.69,1.38,24.59,17.75,13.04,8.78,3990.0,0.825,17,273.7362,16.96
1138064000,증산동,은평구,은평구,2023,18516,3628,668.0,19.59,-1.77,21.53,19.91,13.46,8.33,3628.0,0.825,17,248.8606,15.63
1138065000,수색동,은평구,은평구,2023,13104,2391,572.0,18.25,0.62,27.1,17.06,13.68,9.79,2391.0,0.825,17,165.1251,12.48
1138069000,진관동,은평구,은평구,2023,54810,8745,1076.0,15.96,0.84,16.16,17.82,13.52,9.85,4372.5,0.825,17,572.4753,27.25
1141052000,천연동,서대문구,서대문구,2023,16734,3274,931.0,19.56,0.7,31.55,18.86,16.99,12.01,3274.0,0.908,9,415.4706,10.4
1141055500,북아현동,서대문구,서대문구,2023,15571,2333,562.0,14.98,0.74,28.68,18.7,14.97,9.95,1166.5,0.908,9,264.9228,17.43
1141056500,충현동,서대문구,서대문구,2023,19850,3480,788.0,17.53,0.67,28.36,17.78,14.27,11.28,1740.0,0.908,9,397.2895,22.52
1141058500,신촌동,서대문구,서대문구,2023,20366,2119,545.0,10.4,-0.17,30.49,19.98,17.24,12.71,423.8,0.908,9,193.0712,17.0
1141061500,연희동,서대문구,서대문구,2023,34318,5971,1365.0,17.4,0.41,24.77,19.86,16.02,11.76,1492.75,0.908,9,581.3457,8.02
1141062000,홍제제1동,서대문구,서대문구,2023,24747,4876,832.0,19.7,0.12,24.51,18.26,16.11,9.58,2438.0,0.908,9,553.6476,36.21
1141064000,홍제제3동,서대문구,서대문구,2023,17712,3952,775.0,22.31,-0.27,26.67,18.81,17.49,9.85,1317.33,0.908,9,413.2804,30.75
1141065500,홍제제2동,서대문구,서대문구,2023,13328,2815,539.0,21.12,0.93,25.72,18.6,16.04,9.92,2815.0,0.908,9,352.2972,29.51
1141066000,홍은제1동,서대문구,서대문구,2023,22452,4711,968.0,20.98,0.78,25.07,18.42,15.23,10.81,2355.5,0.908,9,537.7392,19.89
1141068500,홍은제2동,서대문구,서대문구,2023,28514,5446,966.0,19.1,-0.6,23.41,18.56,15.34,10.73,1815.33,0.908,9,569.7424,27.75
1141069000,남가좌제1동,서대문구,서대문구,2023,16722,2294,353.0,13.72,-0.38,19.35,17.71,15.18,10.12,1147.0,0.908,9,260.661,22.94
1141070000,남가좌제2동,서대문구,서대문구,2023,29274,4996,937.0,17.07,0.64,27.38,19.78,15.59,9.64,4996.0,0.908,9,624.2002,37.84
1141071000,북가좌제1동,서대문구,서대문구,2023,17703,3133,437.0,17.7,1.02,18.67,19.35,15.1,9.61,1566.5,0.908,9,355.3392,29.17
1141072000,북가좌제2동,서대문구,서대문구,2023,30903,6552,1333.0,21.2,0.99,25.61,20.22,14.91,8.94,6552.0,0.908,9,814.4791,23.02
1144055500,아현동,마포구,마포구,2023,27437,3511,474.0,12.8,0.24,22.93,16.83,14.52,10.72,1755.5,0.993,3,878.9437,52.96
1144056500,공덕동,마포구,마포구,2023,36757,6086,1520.0,16.56,0.59,29.41,18.32,15.6,10.64,6086.0,0.993,3,1909.7868,16.35
1144058500,도화동,마포구,마포구,2023,20789,3830,726.0,18.42,0.79,24.26,17.66,15.57,12.3,1915.0,0.993,3,969.9858,24.66
1144059000,용강동,마포구,마포구,2023,21301,3041,576.0,14.28,0.58,23.71,17.95,14.63,11.9,1013.67,0.993,3,639.2689,22.45
1144060000,대흥동,마포구,마포구,2023,14488,1985,542.0,13.7,-0.51,34.51,17.44,17.64,10.53,661.67,0.993,3,416.4861,23.42
1144061000,염리동,마포구,마포구,2023,16781,2088,431.0,12.44,-0.04,28.16,20.16,16.33,9.87,2088.0,0.993,3,654.2226,31.06
1144063000,신수동,마포구,마포구,2023,22235,3371,633.0,15.16,0.57,22.1,18.86,15.47,10.22,1123.67,0.993,3,703.6401,16.29
1144065500,서강동,마포구,마포구,2023,24676,3340,567.0,13.54,0.49,20.75,18.35,15.12,10.57,1113.33,0.993,3,697.7817,20.07
1144066000,서교동,마포구,마포구,2023,24466,3335,655.0,13.63,0.27,25.73,19.5,14.94,12.72,833.75,0.993,3,604.7308,27.0
1144068000,합정동,마포구,마포구,2023,16654,2681,590.0,16.1,0.76,25.29,19.27,15.12,10.38,1340.5,0.993,3,671.8586,13.9
1144069000,망원제1동,마포구,마포구,2023,19376,3410,947.0,17.6,0.72,26.45,19.95,14.7,9.24,3410.0,0.993,3,1060.851,-4.87
1144070000,망원제2동,마포구,마포구,2023,18204,3242,548.0,17.81,0.89,22.21,20.35,14.48,8.98,3242.0,0.993,3,1006.9652,27.3
1144071000,연남동,마포구,마포구,2023,14528,2302,474.0,15.85,0.27,24.63,19.21,15.86,11.86,2302.0,0.993,3,728.2377,17.92
1144072000,성산제1동,마포구,마포구,2023,18679,3046,542.0,16.31,0.69,23.64,20.01,14.88,8.18,1523.0,0.993,3,753.885,28.4
1144073000,성산제2동,마포구,마포구,2023,39067,6428,1412.0,16.45,0.53,29.09,19.89,15.39,9.35,3214.0,0.993,3,1603.1432,28.09
1144074000,상암동,마포구,마포구,2023,30009,4279,460.0,14.26,0.94,18.56,17.99,13.94,10.32,2139.5,0.993,3,1068.2951,54.59
1147051000,목1동,양천구,양천구,2023,30362,3537,397.0,11.65,0.8,16.57,17.36,11.28,7.13,589.5,0.96,13,226.7962,38.94
1147052000,목2동,양천구,양천구,2023,29283,4437,878.0,15.15,1.03,22.56,16.37,11.77,7.57,2218.5,0.96,13,361.438,13.11
1147053000,목3동,양천구,양천구,2023,21506,3612,625.0,16.8,1.25,25.39,16.29,11.02,9.17,1204.0,0.96,13,277.9434,38.34
1147054000,목4동,양천구,양천구,2023,24774,3431,599.0,13.85,0.8,25.62,18.22,12.18,8.48,3431.0,0.96,13,301.6829,38.35
1147055000,목5동,양천구,양천구,2023,40615,5074,438.0,12.49,0.91,12.24,15.25,8.83,9.42,2537.0,0.96,13,414.8164,34.91
1147056000,신월1동,양천구,양천구,2023,19998,4465,1417.0,22.33,1.25,33.01,18.35,10.89,6.63,4465.0,0.96,13,387.4025,3.94
1147057000,신월2동,양천구,양천구,2023,20343,4137,651.0,20.34,1.23,24.03,17.48,10.21,6.7,4137.0,0.96,13,358.3528,42.32
1147058000,신월3동,양천구,양천구,2023,14688,3143,1224.0,21.4,1.21,40.57,17.53,13.11,6.84,1047.67,0.96,13,239.8895,4.08
1147059000,신월4동,양천구,양천구,2023,17600,3523,527.0,20.02,1.24,20.18,16.76,11.82,7.7,704.6,0.96,13,239.4074,29.95
1147060000,신월5동,양천구,양천구,2023,14313,2627,433.0,18.35,1.18,25.66,17.55,12.22,7.42,1313.5,0.96,13,214.1881,44.25
1147061000,신월6동,양천구,양천구,2023,13867,2054,192.0,14.81,1.3,20.16,16.91,10.23,6.43,513.5,0.96,13,146.2327,76.84
1147061100,신월7동,양천구,양천구,2023,18959,4485,1024.0,23.66,1.19,30.55,16.57,13.31,8.94,4485.0,0.96,13,395.8653,29.11
1147062000,신정1동,양천구,양천구,2023,19830,2855,388.0,14.4,0.88,18.32,15.95,11.95,9.43,951.67,0.96,13,220.3882,29.86
1147063000,신정2동,양천구,양천구,2023,18901,2750,674.0,14.55,0.99,24.98,16.99,12.19,8.66,2750.0,0.96,13,241.8429,1.91
1147064000,신정3동,양천구,양천구,2023,50234,8201,1822.0,16.33,0.97,23.3,17.76,11.85,8.43,2733.67,0.96,13,630.1443,4.77
1147065000,신정4동,양천구,양천구,2023,32340,6199,1202.0,19.17,1.12,28.38,18.17,12.64,6.44,688.78,0.96,13,343.1146,38.08
1147067000,신정6동,양천구,양천구,2023,24069,3059,288.0,12.71,0.98,13.17,14.26,9.45,8.37,1529.5,0.96,13,248.7375,33.6
1147068000,신정7동,양천구,양천구,2023,28360,5347,1085.0,18.85,1.4,30.41,16.18,12.98,10.04,5347.0,0.96,13,474.4317,40.45
1150051000,염창동,강서구,강서구,2023,41420,4700,566.0,11.35,0.58,14.49,15.73,11.24,7.0,1566.67,0.875,21,238.1138,18.5
1150052000,등촌제1동,강서구,강서구,2023,24757,3082,649.0,12.45,0.41,27.09,15.97,14.6,14.54,513.67,0.875,21,145.8927,25.2
1150053000,등촌제2동,강서구,강서구,2023,19655,3384,414.0,17.22,1.26,17.85,15.99,10.08,8.07,1692.0,0.875,21,179.6021,37.77
1150053500,등촌제3동,강서구,강서구,2023,29671,7116,1961.0,23.98,1.73,42.93,16.5,13.12,12.71,790.67,0.875,21,299.3227,44.33
1150054000,화곡제1동,강서구,강서구,2023,51751,8777,1506.0,16.96,0.64,25.76,18.34,11.39,6.66,1253.86,0.875,21,381.2353,40.64
1150055000,화곡제2동,강서구,강서구,2023,17472,3076,441.0,17.61,1.31,26.07,18.53,11.28,5.79,3076.0,0.875,21,169.166,59.81
1150056000,화곡제3동,강서구,강서구,2023,21388,4332,622.0,20.25,1.09,19.62,17.71,11.36,6.44,1444.0,0.875,21,219.127,31.23
1150057000,화곡제4동,강서구,강서구,2023,20135,4069,668.0,20.21,1.31,25.83,18.48,11.6,7.67,1017.25,0.875,21,199.2182,45.32
1150059000,화곡본동,강서구,강서구,2023,33616,5198,934.0,15.46,0.95,27.45,17.87,10.92,7.2,866.33,0.875,21,234.5646,42.39
1150059100,화곡제6동,강서구,강서구,2023,24990,4199,721.0,16.8,0.92,25.08,15.58,11.15,7.36,4199.0,0.875,21,232.4719,37.88
1150059300,화곡제8동,강서구,강서구,2023,23977,4596,821.0,19.17,0.9,24.63,19.83,12.04,6.09,4596.0,0.875,21,253.8663,32.12
1150060300,가양제1동,강서구,강서구,2023,34096,3337,359.0,9.79,0.64,17.5,14.88,10.77,8.22,834.25,0.875,21,163.1793,48.66
1150060400,가양제2동,강서구,강서구,2023,13785,4412,1209.0,32.01,2.12,44.92,16.37,12.58,10.22,2206.0,0.875,21,238.3823,49.43
1150060500,가양제3동,강서구,강서구,2023,14504,3875,960.0,26.72,1.65,39.1,18.18,13.61,8.55,3875.0,0.875,21,217.5636,45.62
1150061100,발산제1동,강서구,강서구,2023,35942,5205,644.0,14.48,0.9,21.04,18.97,12.23,8.69,578.33,0.875,21,213.9776,53.08
1150061500,우장산동,강서구,강서구,2023,43348,6311,773.0,14.56,0.77,16.02,18.13,10.71,6.31,1577.75,0.875,21,305.9068,26.84
1150062000,공항동,강서구,강서구,2023,30225,4431,782.0,14.66,0.63,24.4,17.99,12.33,8.53,1477.0,0.875,21,227.3657,32.38
1150063000,방화제1동,강서구,강서구,2023,42548,7096,981.0,16.68,1.03,19.28,16.91,11.11,8.07,1013.71,0.875,21,310.2473,33.25
1150064000,방화제2동,강서구,강서구,2023,23042,5068,1150.0,21.99,0.98,32.89,17.71,13.68,9.81,2534.0,0.875,21,274.0907,37.13
1150064100,방화제3동,강서구,강서구,2023,22344,5565,1307.0,24.91,1.53,35.8,17.24,12.75,10.72,5565.0,0.875,21,315.5355,42.14
1153051000,신도림동,구로구,구로구,2023,35799,5028,553.0,14.05,0.78,13.56,16.91,10.84,7.42,5028.0,0.912,11,510.7191,20.97
1153052000,구로제1동,구로구,구로구,2023,20618,2915,307.0,14.14,1.1,14.85,14.96,9.06,7.86,2915.0,0.912,11,295.2895,34.39
1153053000,구로제2동,구로구,구로구,2023,23030,5730,1500.0,24.88,1.16,32.02,20.02,15.46,7.71,1910.0,0.912,11,505.7544,20.16
1153054000,구로제3동,구로구,구로구,2023,23460,3564,713.0,15.19,0.5,24.78,18.94,13.36,8.75,1782.0,0.912,11,339.0186,21.38
1153055000,구로제4동,구로구,구로구,2023,19100,4638,1103.0,24.28,1.33,32.58,20.25,15.11,8.78,4638.0,0.912,11,480.2262,31.47
1153056000,구로제5동,구로구,구로구,2023,29300,4890,861.0,16.69,0.61,25.17,20.45,12.54,8.08,611.25,0.912,11,316.8463,35.75
1153059500,가리봉동,구로구,구로구,2023,8954,1965,819.0,21.95,0.62,47.79,17.58,11.21,9.79,491.25,0.912,11,162.0732,13.67
1153072000,고척제1동,구로구,구로구,2023,25738,4603,770.0,17.88,-2.03,22.51,18.05,11.58,7.58,767.17,0.912,11,331.1452,29.67
1153073000,고척제2동,구로구,구로구,2023,26138,5561,984.0,21.28,1.37,26.87,18.83,13.6,8.65,1853.67,0.912,11,491.1555,41.76
1153074000,개봉제1동,구로구,구로구,2023,33321,6747,1314.0,20.25,1.07,26.46,18.39,12.9,7.24,963.86,0.912,11,458.871,30.63
1153075000,개봉제2동,구로구,구로구,2023,30099,6830,888.0,22.69,1.43,18.73,18.54,12.11,6.46,3415.0,0.912,11,639.288,36.49
1153076000,개봉제3동,구로구,구로구,2023,19853,4497,736.0,22.65,1.27,23.7,17.72,12.3,7.14,4497.0,0.912,11,457.7196,37.04
1153077000,오류제1동,구로구,구로구,2023,22655,4189,857.0,18.49,0.62,28.26,17.38,14.54,8.07,1047.25,0.912,11,344.4754,32.32
1153078000,오류제2동,구로구,구로구,2023,37942,7446,1243.0,19.62,0.97,21.92,20.07,13.58,8.14,3723.0,0.912,11,706.74,27.23
1153079000,수궁동,구로구,구로구,2023,22967,4746,779.0,20.66,1.59,25.39,18.28,12.35,7.36,4746.0,0.912,11,483.9338,43.62
1154551000,가산동,금천구,금천구,2023,24198,2767,660.0,11.43,0.38,32.6,18.62,11.89,7.01,1383.5,0.881,14,211.0183,31.24
1154561000,독산제1동,금천구,금천구,2023,46080,6197,1133.0,13.45,0.41,24.54,18.58,13.35,7.39,1549.25,0.881,14,422.2911,29.45
1154562000,독산제2동,금천구,금천구,2023,18176,3670,875.0,20.19,1.39,32.51,17.21,11.73,7.12,3670.0,0.881,14,298.3221,31.0
1154563000,독산제3동,금천구,금천구,2023,24004,4757,1082.0,19.82,1.03,30.19,17.4,12.66,7.74,951.4,0.881,14,307.0268,28.31
1154564000,독산제4동,금천구,금천구,2023,14863,3053,627.0,20.54,1.2,28.66,18.28,12.32,5.64,1526.5,0.881,14,231.1312,33.33
1154567000,시흥제1동,금천구,금천구,2023,32363,6484,1477.0,20.04,0.95,30.4,19.29,13.35,8.13,810.5,0.881,14,363.2808,28.85
1154568000,시흥제2동,금천구,금천구,2023,20699,4363,769.0,21.08,1.54,23.88,18.81,13.46,8.53,4363.0,0.881,14,359.2785,30.38
1154569000,시흥제3동,금천구,금천구,2023,10483,2472,476.0,23.58,1.39,23.46,17.11,14.08,7.48,2472.0,0.881,14,202.3579,19.76
1154570000,시흥제4동,금천구,금천구,2023,19888,4395,854.0,22.1,1.43,26.51,18.26,12.75,7.03,4395.0,0.881,14,358.1339,31.05
1154571000,시흥제5동,금천구,금천구,2023,18641,4535,1195.0,24.33,1.29,33.83,18.93,15.0,9.57,4535.0,0.881,14,376.919,24.97
1156051500,영등포본동,영등포구,영등포구,2023,20941,4282,1103.0,20.45,0.89,31.39,17.05,13.06,8.81,1427.33,0.984,2,1057.2258,19.76
1156053500,영등포동,영등포구,영등포구,2023,30070,3440,1405.0,11.44,-0.07,43.11,17.18,11.4,9.01,229.33,0.984,2,249.2584,5.4
1156054000,여의동,영등포구,영등포구,2023,32483,6395,1019.0,19.69,0.72,16.14,19.2,15.14,13.06,1065.83,0.984,2,1016.805,1.27
1156055000,당산제1동,영등포구,영등포구,2023,20755,3489,834.0,16.81,0.1,27.31,17.68,13.44,9.34,1163.0,0.984,2,865.2022,13.34
1156056000,당산제2동,영등포구,영등포구,2023,36738,4877,746.0,13.28,0.67,15.91,17.83,13.07,9.95,4877.0,0.984,2,2021.3539,3.94
1156058500,도림동,영등포구,영등포구,2023,17713,3289,895.0,18.57,0.37,30.98,19.74,14.63,9.46,3289.0,0.984,2,1365.5928,12.98
1156060500,문래동,영등포구,영등포구,2023,32276,4874,847.0,15.1,0.62,17.54,18.4,13.31,9.53,1218.5,0.984,2,1008.5118,0.94
1156061000,양평제1동,영등포구,영등포구,2023,18345,2430,576.0,13.25,0.2,26.13,19.76,14.94,9.18,607.5,0.984,2,504.0225,9.75
1156062000,양평제2동,영등포구,영등포구,2023,22386,2668,490.0,11.92,0.52,20.16,17.85,13.13,8.89,889.33,0.984,2,659.5296,9.35
1156063000,신길제1동,영등포구,영등포구,2023,19327,3556,1026.0,18.4,-0.45,35.88,19.7,14.94,10.52,889.0,0.984,2,743.1447,21.81
1156065000,신길제3동,영등포구,영등포구,2023,16322,3256,804.0,19.95,0.96,28.1,18.11,14.02,8.06,1628.0,0.984,2,1003.4178,12.93
1156066000,신길제4동,영등포구,영등포구,2023,12335,2451,586.0,19.87,1.09,31.42,17.63,13.88,7.88,2451.0,0.984,2,1005.4002,27.31
1156067000,신길제5동,영등포구,영등포구,2023,10186,2078,518.0,20.4,1.29,29.26,17.13,12.42,7.94,2078.0,0.984,2,849.7635,16.02
1156068000,신길제6동,영등포구,영등포구,2023,18824,3467,711.0,18.42,0.95,23.82,17.57,13.07,9.0,1733.5,0.984,2,1071.6497,14.99
1156069000,신길제7동,영등포구,영등포구,2023,19804,2691,349.0,13.59,0.72,17.43,17.29,12.45,8.96,1345.5,0.984,2,830.3753,29.55
1156070000,대림제1동,영등포구,영등포구,2023,14053,3183,765.0,22.65,1.36,28.53,18.5,15.21,9.24,1061.0,0.984,2,792.2487,17.14
1156071000,대림제2동,영등포구,영등포구,2023,11973,2873,764.0,24.0,0.34,30.91,22.33,15.26,8.19,574.6,0.984,2,509.1777,15.04
1156072000,대림제3동,영등포구,영등포구,2023,21879,4658,892.0,21.29,1.12,26.04,18.69,13.92,8.4,931.6,0.984,2,822.0705,30.74
1159051000,노량진제1동,동작구,동작구,2023,31695,6007,1235.0,18.95,0.35,24.22,18.5,14.32,10.34,6007.0,0.979,6,1072.6786,16.39
1159052000,노량진제2동,동작구,동작구,2023,10525,2243,1061.0,21.31,0.44,36.6,17.97,13.6,9.94,1121.5,0.979,6,349.0108,-24.336
1159053000,상도제1동,동작구,동작구,2023,44399,7433,1270.0,16.74,0.54,21.19,19.39,13.39,9.71,3716.5,0.979,6,1155.7386,21.52
1159054000,상도제2동,동작구,동작구,2023,27731,4436,858.0,16.0,0.54,19.45,18.55,13.38,10.31,4436.0,0.979,6,790.4952,0.58
1159055000,상도제3동,동작구,동작구,2023,24178,4648,802.0,19.22,0.87,24.85,20.11,14.77,8.27,4648.0,0.979,6,821.9656,36.47
1159056000,상도제4동,동작구,동작구,2023,28203,5394,1070.0,19.13,1.11,28.36,19.63,13.77,8.81,1798.0,0.979,6,742.3942,35.76
1159060500,흑석동,동작구,동작구,2023,27936,5137,1304.0,18.39,0.1,19.84,18.45,14.37,11.55,2568.5,0.979,6,808.1785,-24.336
1159062000,사당제1동,동작구,동작구,2023,22566,3914,766.0,17.34,0.7,25.83,19.65,12.34,6.39,978.5,0.979,6,476.6861,27.75
1159063000,사당제2동,동작구,동작구,2023,28377,5829,1168.0,20.54,0.61,20.72,19.84,13.73,8.13,2914.5,0.979,6,899.1232,3.37
1159064000,사당제3동,동작구,동작구,2023,23904,4689,714.0,19.62,1.0,18.15,19.97,12.59,7.02,4689.0,0.979,6,819.4362,17.55
1159065000,사당제4동,동작구,동작구,2023,13965,2797,541.0,20.03,0.99,25.31,19.82,13.63,7.91,2797.0,0.979,6,492.3519,26.9
1159065100,사당제5동,동작구,동작구,2023,14298,2461,424.0,17.21,0.89,22.63,17.7,12.82,8.67,2461.0,0.979,6,433.6985,27.28
1159066000,대방동,동작구,동작구,2023,36221,5729,1163.0,15.82,0.45,24.59,18.08,13.96,10.36,1909.67,0.979,6,794.9306,19.19
1159067000,신대방제1동,동작구,동작구,2023,23371,3976,655.0,17.01,0.33,24.9,19.07,13.86,8.81,1988.0,0.979,6,615.4848,41.31
1159068000,신대방제2동,동작구,동작구,2023,22253,3465,519.0,15.57,0.53,21.36,20.7,14.92,8.69,1155.0,0.979,6,478.093,35.47
1162052500,보라매동,관악구,관악구,2023,24222,4683,930.0,19.33,0.97,26.78,19.68,14.04,8.05,4683.0,0.911,9,577.929,29.89
1162054500,청림동,관악구,관악구,2023,14912,2859,611.0,19.17,1.11,25.18,18.48,15.19,10.54,2859.0,0.911,9,358.4042,16.42
1162056500,성현동,관악구,관악구,2023,28561,5596,1217.0,19.59,1.01,26.73,20.15,14.77,7.92,5596.0,0.911,9,691.3858,20.64
1162057500,행운동,관악구,관악구,2023,29091,4526,983.0,15.56,0.39,26.62,20.04,13.41,6.92,1131.5,0.911,9,426.4188,20.36
1162058500,낙성대동,관악구,관악구,2023,17358,2028,496.0,11.68,-0.23,28.65,20.32,16.12,8.97,1014.0,0.911,9,229.8277,15.82
1162059500,청룡동,관악구,관악구,2023,36155,4712,996.0,13.03,0.34,29.46,20.23,14.26,7.05,673.14,0.911,9,361.6754,33.19
1162060500,은천동,관악구,관악구,2023,32678,6126,1191.0,18.75,0.81,25.99,19.98,13.89,7.38,3063.0,0.911,9,684.5527,29.02
1162061500,중앙동,관악구,관악구,2023,15399,2411,617.0,15.66,0.25,30.49,20.25,15.31,7.22,1205.5,0.911,9,270.032,17.5
1162062500,인헌동,관악구,관악구,2023,25775,4158,755.0,16.13,0.53,24.22,19.65,14.51,7.14,4158.0,0.911,9,510.935,28.8
1162063000,남현동,관악구,관악구,2023,17932,2963,441.0,16.52,0.91,22.38,18.86,13.25,7.23,1481.5,0.911,9,330.1051,40.77
1162064500,서원동,관악구,관악구,2023,22876,3384,662.0,14.79,0.13,26.48,20.95,14.51,6.83,676.8,0.911,9,296.7768,30.27
1162065500,신원동,관악구,관악구,2023,17927,3324,814.0,18.54,0.52,31.23,19.9,15.36,8.37,3324.0,0.911,9,412.176,24.31
1162066500,서림동,관악구,관악구,2023,23540,3706,742.0,15.74,0.27,26.39,18.81,13.82,7.53,3706.0,0.911,9,455.5045,27.62
1162068500,신사동,관악구,관악구,2023,22680,3603,794.0,15.89,0.35,29.98,19.88,14.05,7.75,1201.0,0.911,9,369.938,30.76
1162069500,신림동,관악구,관악구,2023,23312,1985,526.0,8.51,-0.23,34.36,19.96,14.62,6.96,992.5,0.911,9,221.6162,25.97
1162071500,난향동,관악구,관악구,2023,14875,2861,531.0,19.23,1.3,22.54,19.29,12.79,7.79,2861.0,0.911,9,351.5311,19.45
1162072500,조원동,관악구,관악구,2023,19405,3078,626.0,15.86,-0.44,27.78,18.34,12.84,8.22,513.0,0.911,9,252.6012,31.18
1162073500,대학동,관악구,관악구,2023,24257,3202,602.0,13.2,0.13,30.23,17.71,14.53,8.31,1601.0,0.911,9,359.6137,47.5
1162074500,삼성동,관악구,관악구,2023,20404,5515,1464.0,27.03,1.43,30.41,19.68,14.78,9.36,5515.0,0.911,9,686.783,13.58
1162076500,미성동,관악구,관악구,2023,30013,6112,1095.0,20.36,1.08,23.66,17.61,12.77,6.91,6112.0,0.911,9,746.2141,27.8
1162077500,난곡동,관악구,관악구,2023,26058,5603,1265.0,21.5,1.07,29.86,19.55,13.62,7.75,2801.5,0.911,9,626.9248,27.95
1165051000,서초1동,서초구,서초구,2023,20369,3162,461.0,15.52,0.69,20.18,19.42,10.72,8.79,451.71,0.915,4,353.7416,32.49
1165052000,서초2동,서초구,서초구,2023,26604,3455,334.0,12.99,0.67,12.27,19.86,11.32,7.35,863.75,0.915,4,527.8808,23.86
1165053000,서초3동,서초구,서초구,2023,32126,5051,680.0,15.72,0.69,16.61,18.89,12.35,9.39,841.83,0.915,4,625.5663,21.01
1165053100,서초4동,서초구,서초구,2023,30323,4387,456.0,14.47,0.29,11.63,19.5,12.66,8.8,548.38,0.915,4,451.7513,11.19
1165054000,잠원동,서초구,서초구,2023,26203,3428,758.0,13.08,0.49,18.44,17.99,11.13,9.02,1714.0,0.915,4,703.8255,-18.18
1165055000,반포본동,서초구,서초구,2023,268,41,267.0,15.3,-0.49,7.32,21.95,14.63,2.44,41.0,0.915,4,9.8236,-24.336
1165056000,반포1동,서초구,서초구,2023,34100,4179,542.0,12.26,0.48,18.26,18.27,11.35,7.45,1393.0,0.915,4,729.2952,34.2
1165057000,반포2동,서초구,서초구,2023,15638,2111,380.0,13.5,0.66,14.59,21.95,12.38,8.44,2111.0,0.915,4,521.2481,-21.01
1165058000,반포3동,서초구,서초구,2023,23597,3362,370.0,14.25,0.22,13.71,18.63,13.15,9.7,3362.0,0.915,4,835.457,21.99
1165058100,반포4동,서초구,서초구,2023,18785,3029,384.0,16.12,0.94,14.56,17.27,10.9,8.65,1009.67,0.915,4,531.4164,13.84
1165059000,방배본동,서초구,서초구,2023,20594,3225,425.0,15.66,0.74,17.02,19.27,12.63,11.7,645.0,0.915,4,450.0308,25.6
1165060000,방배1동,서초구,서초구,2023,16688,3024,425.0,18.12,0.77,18.55,19.62,12.97,8.5,1008.0,0.915,4,533.304,27.76
1165061000,방배2동,서초구,서초구,2023,18401,3569,804.0,19.4,1.02,20.65,19.96,12.42,7.23,1784.5,0.915,4,728.3139,-8.7
1165062000,방배3동,서초구,서초구,2023,17139,3325,560.0,19.4,1.11,10.62,18.08,12.0,8.3,554.17,0.915,4,408.709,-24.336
1165062100,방배4동,서초구,서초구,2023,23061,3627,603.0,15.73,0.44,18.33,20.74,13.95,10.2,1209.0,0.915,4,647.7304,9.79
1165065100,양재1동,서초구,서초구,2023,42377,7330,1037.0,17.3,0.81,22.02,17.6,10.88,8.4,1832.5,0.915,4,1123.7806,44.24
1165065200,양재2동,서초구,서초구,2023,21513,3109,539.0,14.45,0.65,26.66,17.99,10.62,6.95,1554.5,0.915,4,630.0388,43.05
1165066000,내곡동,서초구,서초구,2023,17340,3468,481.0,20.0,1.06,17.82,18.98,11.86,8.51,1734.0,0.915,4,711.5758,25.06
1168051000,신사동,강남구,강남구,2023,15623,3083,429.0,19.73,0.67,18.75,21.96,14.89,11.22,770.75,0.83,8,323.9205,29.81
1168052100,논현1동,강남구,강남구,2023,21360,3001,536.0,14.05,0.56,30.16,19.74,12.3,8.44,187.56,0.83,8,154.1014,52.38
1168053100,논현2동,강남구,강남구,2023,20501,3200,468.0,15.61,0.48,22.84,20.6,12.6,8.1,228.57,0.83,8,179.1273,44.59
1168054500,압구정동,강남구,강남구,2023,25720,5330,705.0,20.72,0.73,16.44,21.46,13.82,10.44,380.71,0.83,8,303.3497,21.72
1168056500,청담동,강남구,강남구,2023,25213,3839,551.0,15.23,0.62,17.48,20.02,11.91,8.06,319.92,0.83,8,235.8874,19.7
1168058000,삼성1동,강남구,강남구,2023,12464,2232,289.0,17.91,1.08,17.38,19.59,12.73,7.31,186.0,0.83,8,136.7546,29.46
1168059000,삼성2동,강남구,강남구,2023,30768,3931,491.0,12.78,0.67,20.99,20.67,13.62,7.31,982.75,0.83,8,402.4689,51.89
1168060000,대치1동,강남구,강남구,2023,23874,2709,164.0,11.35,0.59,8.86,18.28,10.97,7.13,1354.5,0.83,8,330.0646,38.08
1168061000,대치2동,강남구,강남구,2023,36957,5390,451.0,14.58,0.81,11.84,18.13,8.57,6.18,673.75,0.83,8,406.0354,34.69
1168063000,대치4동,강남구,강남구,2023,19009,2098,358.0,11.04,0.35,28.07,22.13,12.78,6.96,349.67,0.83,8,183.62,49.79
1168064000,역삼1동,강남구,강남구,2023,34474,3684,717.0,10.69,0.23,33.33,19.36,12.9,7.77,307.0,0.83,8,226.3634,53.81
1168065000,역삼2동,강남구,강남구,2023,37085,3919,491.0,10.57,0.34,19.9,21.7,12.25,7.33,783.8,0.83,8,369.6521,46.28
1168065500,도곡1동,강남구,강남구,2023,20839,3079,348.0,14.78,0.75,16.56,17.68,10.85,7.9,219.93,0.83,8,171.1644,38.22
1168065600,도곡2동,강남구,강남구,2023,32762,5162,549.0,15.76,0.78,13.81,19.28,11.47,9.03,5162.0,0.83,8,707.8249,26.14
1168066000,개포1동,강남구,강남구,2023,6904,1679,325.0,24.32,0.3,35.68,18.0,11.56,7.33,1679.0,0.83,8,227.803,61.14
1168067000,개포2동,강남구,강남구,2023,30287,4009,282.0,13.24,0.1,18.81,16.32,8.16,6.04,4009.0,0.83,8,535.246,98.35
1168069000,개포4동,강남구,강남구,2023,23467,3535,386.0,15.06,1.17,24.64,16.48,9.74,6.65,883.75,0.83,8,356.5048,81.38
1168070000,세곡동,강남구,강남구,2023,43259,6950,954.0,16.07,0.64,27.45,17.87,12.4,11.23,2316.67,0.83,8,790.2782,69.31
1168072000,일원본동,강남구,강남구,2023,22972,3416,408.0,14.87,1.22,15.54,14.54,7.74,8.56,1708.0,0.83,8,415.6589,26.35
1168073000,일원1동,강남구,강남구,2023,14843,3413,746.0,22.99,1.0,46.88,17.66,11.38,8.57,3413.0,0.83,8,466.102,76.3
1168075000,수서동,강남구,강남구,2023,14274,4972,1343.0,34.83,3.09,68.58,18.14,10.87,8.66,1243.0,0.83,8,509.1328,93.18
1171051000,풍납1동,송파구,송파구,2023,12311,2809,616.0,22.82,1.5,36.63,18.23,12.54,7.26,1404.5,0.961,9,312.3863,51.31
1171052000,풍납2동,송파구,송파구,2023,24157,4072,726.0,16.86,1.24,24.61,17.29,10.96,7.84,1357.33,0.961,9,414.835,32.22
1171053100,거여1동,송파구,송파구,2023,12181,2524,419.0,20.72,1.12,34.75,18.6,12.89,7.26,1262.0,0.961,9,280.9671,73.86
1171053200,거여2동,송파구,송파구,2023,23671,4345,686.0,18.36,0.76,35.88,18.89,12.16,7.86,1086.25,0.961,9,410.1346,82.09
1171054000,마천1동,송파구,송파구,2023,18442,4347,955.0,23.57,1.12,42.49,18.45,13.83,8.54,4347.0,0.961,9,537.2457,65.96
1171055000,마천2동,송파구,송파구,2023,17953,4214,1061.0,23.47,1.52,40.13,18.06,13.19,8.38,842.8,0.961,9,371.0728,46.61
1171056100,방이1동,송파구,송파구,2023,15303,2340,282.0,15.29,0.84,20.98,15.1,10.44,8.86,1170.0,0.961,9,260.8887,55.45
1171056200,방이2동,송파구,송파구,2023,25913,3685,724.0,14.22,0.75,33.35,17.42,11.07,7.14,737.0,0.961,9,320.5687,52.92
1171056600,오륜동,송파구,송파구,2023,17772,3092,233.0,17.4,1.36,9.93,15.57,7.57,7.73,3092.0,0.961,9,374.5958,27.58
1171057000,오금동,송파구,송파구,2023,37756,6887,962.0,18.24,1.32,27.02,16.21,10.02,9.57,1147.83,0.961,9,565.3309,65.99
1171058000,송파1동,송파구,송파구,2023,23626,3630,544.0,15.36,0.71,24.13,16.47,10.91,7.58,726.0,0.961,9,316.2767,47.64
1171059000,송파2동,송파구,송파구,2023,18799,3051,328.0,16.23,0.92,16.52,16.13,8.95,7.6,3051.0,0.961,9,370.5745,42.96
1171060000,석촌동,송파구,송파구,2023,31095,4726,925.0,15.2,0.9,34.64,18.51,10.86,6.99,945.2,0.961,9,410.9257,57.08
1171061000,삼전동,송파구,송파구,2023,29411,4186,790.0,14.23,0.92,36.84,17.9,10.87,7.15,418.6,0.961,9,268.3226,66.88
1171062000,가락본동,송파구,송파구,2023,25598,4068,568.0,15.89,1.2,27.46,16.08,10.87,7.94,254.25,0.961,9,198.8276,67.63
1171063100,가락1동,송파구,송파구,2023,27478,3846,6.0,14.0,1.14,14.04,15.4,7.49,4.58,3846.0,0.961,9,457.174,114.7520000000001
1171063200,가락2동,송파구,송파구,2023,31528,4562,473.0,14.47,0.98,19.38,15.58,9.76,8.4,4562.0,0.961,9,557.3852,62.54
1171064100,문정1동,송파구,송파구,2023,19693,3219,346.0,16.35,1.33,19.6,15.82,9.45,6.93,1609.5,0.961,9,354.3241,60.09
1171064200,문정2동,송파구,송파구,2023,28735,4227,339.0,14.71,0.68,12.78,16.62,10.72,9.45,1409.0,0.961,9,434.2186,46.56
1171064600,장지동,송파구,송파구,2023,28910,4662,735.0,16.13,1.1,29.06,16.19,10.7,8.46,4662.0,0.961,9,571.1882,61.17
1171064700,위례동,송파구,송파구,2023,44569,3658,243.0,8.21,0.54,19.44,15.95,9.08,8.7,1219.33,0.961,9,372.6588,107.36
1171065000,잠실본동,송파구,송파구,2023,27854,3945,686.0,14.16,0.52,35.18,17.47,10.29,6.9,986.25,0.961,9,368.463,70.47
1171067000,잠실2동,송파구,송파구,2023,34875,3939,404.0,11.29,0.49,12.57,19.12,10.82,6.42,3939.0,0.961,9,478.1158,20.31
1171068000,잠실3동,송파구,송파구,2023,34041,6131,561.0,18.01,0.89,12.0,18.04,9.45,6.3,2043.67,0.961,9,617.3917,27.15
1171069000,잠실4동,송파구,송파구,2023,21184,3018,313.0,14.25,0.9,13.42,17.4,10.51,6.83,3018.0,0.961,9,366.4757,25.77
1171071000,잠실6동,송파구,송파구,2023,16571,3035,271.0,18.32,1.24,12.22,16.25,10.58,9.4,758.75,0.961,9,287.5312,31.41
1171072000,잠실7동,송파구,송파구,2023,9442,2257,214.0,23.9,1.23,11.7,18.4,12.33,11.13,2257.0,0.961,9,282.1927,21.0
1174053000,명일제1동,강동구,강동구,2023,25449,4312,510.0,16.94,1.12,19.09,16.03,9.28,7.29,1078.0,0.899,10,373.6348,47.85
1174054000,명일제2동,강동구,강동구,2023,17259,2814,233.0,16.3,1.29,13.22,15.11,7.54,7.29,2814.0,0.899,10,308.9772,46.79
1174055000,고덕제1동,강동구,강동구,2023,23847,3027,317.0,12.69,0.77,15.73,15.01,9.55,8.63,3027.0,0.899,10,336.3823,40.65
1174056000,고덕제2동,강동구,강동구,2023,22729,3189,381.0,14.03,0.41,20.66,15.47,9.01,6.46,1594.5,0.899,10,320.5211,54.79
1174057000,암사제1동,강동구,강동구,2023,34046,6335,1191.0,18.61,0.89,28.92,17.8,12.13,7.79,3167.5,0.899,10,647.0147,43.06
1174058000,암사제2동,강동구,강동구,2023,14940,2554,315.0,17.1,1.15,18.99,19.94,11.75,7.21,2554.0,0.899,10,283.8191,43.16
1174059000,암사제3동,강동구,강동구,2023,17478,2854,275.0,16.33,1.19,13.7,16.8,10.63,6.8,2854.0,0.899,10,314.9519,35.19
1174060000,천호제1동,강동구,강동구,2023,26419,5518,1128.0,20.89,1.2,28.91,17.97,11.99,6.75,5518.0,0.899,10,610.9931,34.64
1174061000,천호제2동,강동구,강동구,2023,33237,6143,1971.0,18.48,0.57,31.12,18.81,12.93,6.73,511.92,0.899,10,340.9644,-3.04
1174062000,천호제3동,강동구,강동구,2023,26276,4862,1265.0,18.5,0.95,30.79,18.02,12.19,7.72,1620.67,0.899,10,458.337,16.84
1174064000,성내제1동,강동구,강동구,2023,19654,3224,420.0,16.4,0.66,18.11,17.44,10.7,7.63,537.33,0.899,10,245.9308,32.96
1174065000,성내제2동,강동구,강동구,2023,22912,4507,932.0,19.67,0.8,31.15,18.11,12.5,7.46,751.17,0.899,10,344.9263,40.97
1174066000,성내제3동,강동구,강동구,2023,22793,4129,630.0,18.12,1.18,23.57,18.94,11.78,6.74,1032.25,0.899,10,359.3115,43.47
1174068500,길동,강동구,강동구,2023,44947,8560,1343.0,19.04,1.28,24.75,17.25,10.56,7.12,611.43,0.899,10,433.8137,45.6
1174070000,둔촌제2동,강동구,강동구,2023,24142,4283,741.0,17.74,0.81,21.2,17.19,10.3,8.01,1070.75,0.899,10,373.8141,20.32
