행정동코드,행정동명,자치구명,D1_수급자비율,D2_시설부족,D3_미충족의료율,D4_수급비율(2024),D1_수급자비율_z,D2_시설부족_z,D3_미충족의료율_z,D4_수급비율(2024)_z,IMD_score,위험등급
1168066000,개포1동,강남구,0.07077361346034007,-41.0958904109589,3.1,0.04169148302561048,-1.2109674224095743,-0.8081490842383143,-0.5067285436982221,-0.7298756769410236,0.44780284066727527,저위험
1168067000,개포2동,강남구,0.07077361346034007,-27.188825143427287,3.1,0.018707907208780246,-1.2109674224095743,-0.24004651287324974,-0.5067285436982221,-1.1471987589451416,0.500141319698893,저위험
1168069000,개포4동,강남구,0.07077361346034007,-19.519094766619517,3.1,0.06082036775106082,-1.2109674224095743,0.07326139680585722,-0.5067285436982221,-0.38254394785991386,0.6454162275803662,저위험
1168052100,논현1동,강남구,0.07077361346034007,-12.329223592135955,3.1,0.0753082305898034,-1.2109674224095743,0.36696709412100675,-0.5067285436982221,-0.1194813322033207,0.7783022240708941,저위험
1168053100,논현2동,강남구,0.07077361346034007,-11.5625,3.1,0.035,-1.2109674224095743,0.39828769525715185,-0.5067285436982221,-0.8513759318048089,0.6976720582792357,저위험
1168060000,대치1동,강남구,0.07077361346034007,-10.705057216685123,3.1,0.0011074197120708748,-1.2109674224095743,0.43331416853738103,-0.5067285436982221,-1.466778694871521,0.6717121479067172,저위험
1168061000,대치2동,강남구,0.07077361346034007,-3.7105751391465676,3.1,0.006122448979591836,-1.2109674224095743,0.7190382359215698,-0.5067285436982221,-1.3757185618903798,0.8036346696885436,저위험
1168063000,대치4동,강남구,0.07077361346034007,-9.532888465204957,3.1,0.0548141086749285,-1.2109674224095743,0.48119717397234824,-0.5067285436982221,-0.4916022845148771,0.7668201899632328,저위험
1168065500,도곡1동,강남구,0.07077361346034007,-2.9230269568041574,3.1,0.00974342318934719,-1.2109674224095743,0.7512095200031333,-0.5067285436982221,-1.3099709110846256,0.8238446145055898,저위험
1168065600,도곡2동,강남구,0.07077361346034007,-1.743510267338241,3.1,0.004068190623789229,-1.2109674224095743,0.7993926881527806,-0.5067285436982221,-1.4130186510979297,0.844717421108172,저위험
1168058000,삼성1동,강남구,0.07077361346034007,-8.064516129032258,3.1,0.014336917562724014,-1.2109674224095743,0.5411800735887458,-0.5067285436982221,-1.2265647760104461,0.7281564504651958,저위험
1168059000,삼성2동,강남구,0.07077361346034007,-4.578987534978377,3.1,0.038921394047316205,-1.2109674224095743,0.6835636547941517,-0.5067285436982221,-0.7801734234301005,0.82688493245117,저위험
1168070000,세곡동,강남구,0.07077361346034007,-2.014388489208633,3.1,0.09309352517985611,-1.2109674224095743,0.7883273331399844,-0.5067285436982221,0.20345422890448897,1.0350428048155678,중위험
1168075000,수서동,강남구,0.07077361346034007,-5.02815768302494,3.1,0.3704746580852776,-1.2109674224095743,0.6652150879918208,-0.5067285436982221,5.239987716836259,38.459772695092795,고위험
1168051000,신사동,강남구,0.07077361346034007,-7.784625364904314,3.1,0.15828738241972104,-1.2109674224095743,0.5526135902756665,-0.5067285436982221,1.3872082995462747,1.4751672275164691,중위험
1168054500,압구정동,강남구,0.07077361346034007,-4.50281425891182,3.1,0.004690431519699813,-1.2109674224095743,0.6866753273987051,-0.5067285436982221,-1.4017203444071034,0.785997645019868,저위험
1168064000,역삼1동,강남구,0.07077361346034007,-12.48642779587405,3.1,0.07057546145494029,-1.2109674224095743,0.36054531420878366,-0.5067285436982221,-0.20541634151239138,0.7613779572993213,저위험
1168065000,역삼2동,강남구,0.07077361346034007,-11.737688185761675,3.1,0.028068384792038787,-1.2109674224095743,0.3911312710303708,-0.5067285436982221,-0.9772363742749804,0.6849216053409743,저위험
1168073000,일원1동,강남구,0.07077361346034007,-19.04482859654263,3.1,0.20128918839730442,-1.2109674224095743,0.09263513422270642,-0.5067285436982221,2.16801135409826,2.2624306934354967,고위험
1168072000,일원본동,강남구,0.07077361346034007,-19.028103044496486,3.1,0.010245901639344262,-1.2109674224095743,0.09331837176722975,-0.5067285436982221,-1.3008471847739498,0.5689015026809852,저위험
1168056500,청담동,강남구,0.07077361346034007,-2.865329512893983,3.1,0.013805678562125553,-1.2109674224095743,0.7535664562521555,-0.5067285436982221,-1.236210720522187,0.8292259957816441,저위험
1174055000,고덕제1동,강동구,0.0974046538281733,-5.946481665014866,3.5,0.04327717211760819,1.634462433691996,0.6277016223196145,-0.29751154851193234,-0.7010836097602406,2.2912109131348615,고위험
1174056000,고덕제2동,강동구,0.0974046538281733,-5.644402634054563,3.5,0.05707118218877391,1.634462433691996,0.6400415280396711,-0.29751154851193234,-0.4506195896281188,2.325262946658346,고위험
1174068500,길동,강동구,0.0974046538281733,-8.761682242990654,3.5,0.06226635514018691,1.634462433691996,0.5127008902104218,-0.29751154851193234,-0.3562885070800112,2.281179268288865,고위험
1174070000,둔촌제2동,강동구,0.0974046538281733,-24.982488909642775,3.5,0.04132617324305393,1.634462433691996,-0.1499178434813525,-0.29751154851193234,-0.7365087703098595,2.034627577099916,고위험
1174053000,명일제1동,강동구,0.0974046538281733,-9.508348794063078,3.5,0.030148423005565864,1.634462433691996,0.48219961769487124,-0.29751154851193234,-0.9394681886421856,2.2067517871992863,고위험
1174054000,명일제2동,강동구,0.0974046538281733,-14.57000710732054,3.5,0.015991471215351813,1.634462433691996,0.2754312558718808,-0.29751154851193234,-1.1965223041532087,2.113399735076618,고위험
1174064000,성내제1동,강동구,0.0974046538281733,-26.674937965260543,3.5,0.02729528535980149,1.634462433691996,-0.21905426025258729,-0.29751154851193234,-0.9912738869896315,1.9987166577601265,고위험
1174065000,성내제2동,강동구,0.0974046538281733,-19.08142888839583,3.5,0.09030397159973375,1.634462433691996,0.09114001505021936,-0.29751154851193234,0.15280305492050797,2.2305510877395918,고위험
1174066000,성내제3동,강동구,0.0974046538281733,-20.82828772099782,3.5,0.0506175829498668,1.634462433691996,0.019780962976890915,-0.29751154851193234,-0.5678004820124954,2.0920250097689332,고위험
1174057000,암사제1동,강동구,0.0974046538281733,-7.103393843725335,3.5,0.09976322020520915,1.634462433691996,0.5804418467360896,-0.29751154851193234,0.3245588692872811,2.4470673844328488,고위험
1174058000,암사제2동,강동구,0.0974046538281733,-17.619420516836335,3.5,0.022317932654659357,1.634462433691996,0.1508629471902811,-0.29751154851193234,-1.08164990974978,2.0821928522907887,고위험
1174059000,암사제3동,강동구,0.0974046538281733,-15.767344078486335,3.5,0.012263489838822705,1.634462433691996,0.22652013055360018,-0.29751154851193234,-1.2642129320218205,2.093725665389952,고위험
1174060000,천호제1동,강동구,0.0974046538281733,-17.760057992026095,3.5,0.10728524827836172,1.634462433691996,0.14511791689462808,-0.29751154851193234,0.46113970263658255,2.329896447121345,고위험
1174061000,천호제2동,강동구,0.0974046538281733,-15.953117369363504,3.5,0.12143903630148135,1.634462433691996,0.21893130557809176,-0.29751154851193234,0.7181363722112072,2.4449844530138427,고위험
1174062000,천호제3동,강동구,0.0974046538281733,-20.156314273961335,3.5,0.11620732208967503,1.634462433691996,0.047231027804136155,-0.29751154851193234,0.6231417936288364,2.358722960366631,고위험
1130553500,미아동,강북구,0.08354103480375964,-27.598102630444156,4.0,0.1159982751185856,0.15318513694273886,-0.2567654674695838,-0.03599030452907002,0.6193460341284898,1.155754591142128,중위험
1130559500,번1동,강북구,0.08354103480375964,-18.34862385321101,4.0,0.10065530799475754,0.15318513694273886,0.1210750456831528,-0.03599030452907002,0.3407569069085618,1.1542043196526892,중위험
1130560300,번2동,강북구,0.08354103480375964,-16.940948693126813,4.0,0.18223620522749273,0.15318513694273886,0.17857847021640813,-0.03599030452907002,1.822057803564321,2.1266182073812785,고위험
1130560800,번3동,강북구,0.08354103480375964,-14.601585314977054,4.0,0.2834793491864831,0.15318513694273886,0.27414128846152797,-0.03599030452907002,3.6603749220787134,8.694857910324497,고위험
1130557500,삼각산동,강북구,0.08354103480375964,-26.95871946082561,4.0,0.14174389216512215,0.15318513694273886,-0.23064671302641052,-0.03599030452907002,1.0868207360454418,1.3822962351474692,중위험
1130553400,삼양동,강북구,0.08354103480375964,-25.296442687747035,4.0,0.13122529644268774,0.15318513694273886,-0.16274283173011075,-0.03599030452907002,0.8958298815228294,1.2931505869683804,중위험
1130554500,송중동,강북구,0.08354103480375964,-20.53256336220725,4.0,0.09464228424767404,0.15318513694273886,0.03186128081622956,-0.03599030452907002,0.23157574109278437,1.1010351661481261,중위험
1130555500,송천동,강북구,0.08354103480375964,-20.30456852791878,4.0,0.12928299492385786,0.15318513694273886,0.0411748526680586,-0.03599030452907002,0.860562642757232,1.3242313442663562,중위험
1130561500,수유1동,강북구,0.08354103480375964,-45.12753433616743,4.0,0.12164813603662525,0.15318513694273886,-0.9728414356926935,-0.03599030452907002,0.7219330897721271,1.09700818244846,중위험
1130562500,수유2동,강북구,0.08354103480375964,-40.092969203951185,4.0,0.09490606236684099,0.15318513694273886,-0.7671798282797734,-0.03599030452907002,0.23636527856655684,0.9602321867408752,중위험
1130563500,수유3동,강북구,0.08354103480375964,-42.87489643744822,4.0,0.12178956089478045,0.15318513694273886,-0.8808213467667775,-0.03599030452907002,0.7245010042754093,1.1071754403629979,중위험
1130564500,우이동,강북구,0.08354103480375964,-42.40493728847303,4.0,0.09237507465657974,0.15318513694273886,-0.8616235508383536,-0.03599030452907002,0.19040900091078342,0.9383923948715808,저위험
1130566000,인수동,강북구,0.08354103480375964,-28.44969763606377,4.0,0.10582737768004398,0.15318513694273886,-0.29155305947029486,-0.03599030452907002,0.43466849310409406,1.0864904231375547,중위험
1150060300,가양제1동,강서구,0.09841662492716884,-65.0284686844471,2.9,0.016182199580461493,1.7425878669766774,-1.7857931086973677,-0.6113370412913671,-1.193059163787779,1.951862575926098,고위험
1150060400,가양제2동,강서구,0.09841662492716884,-10.652765185856754,2.9,0.3948322756119674,1.7425878669766774,0.4354502940681107,-0.6113370412913671,5.682259889692502,60.9581452778893,고위험
1150060500,가양제3동,강서구,0.09841662492716884,-15.483870967741936,2.9,0.27896774193548385,1.7425878669766774,0.2380999858306676,-0.6113370412913671,3.5784556481683234,9.330133623374333,고위험
1150062000,공항동,강서구,0.09841662492716884,-30.692845858722634,2.9,0.10449108553373956,1.7425878669766774,-0.3831854958420887,-0.6113370412913671,0.4104048379880223,2.3211953576470465,고위험
1150052000,등촌제1동,강서구,0.09841662492716884,-44.45165476963011,2.9,0.02693056456846204,1.7425878669766774,-0.9452318061772993,-0.6113370412913671,-0.9978962857810895,2.020166367674377,고위험
1150053000,등촌제2동,강서구,0.09841662492716884,-40.484633569739955,2.9,0.037529550827423167,1.7425878669766774,-0.7831792881971827,-0.6113370412913671,-0.8054457442744035,2.052903630133252,고위험
1150053500,등촌제3동,강서구,0.09841662492716884,-19.25238898257448,2.9,0.3733839235525576,1.7425878669766774,0.08415630804695576,-0.6113370412913671,5.292812553182412,41.90165030540725,고위험
1150061100,발산제1동,강서구,0.09841662492716884,-15.561959654178676,2.9,0.09241114313160423,1.7425878669766774,0.23491006885639384,-0.6113370412913671,0.1910639123693123,2.407594281485806,고위험
1150063000,방화제1동,강서구,0.09841662492716884,-19.165727170236753,2.9,0.05651071025930102,1.7425878669766774,0.08769643657020082,-0.6113370412913671,-0.4607963295248387,2.2483585614511132,고위험
1150064000,방화제2동,강서구,0.09841662492716884,-16.96921862667719,2.9,0.1612075769534333,1.7425878669766774,0.17742364555474616,-0.6113370412913671,1.4402315798475052,2.992157053965592,고위험
1150064100,방화제3동,강서구,0.09841662492716884,-20.485175202156334,2.9,0.2032345013477089,1.7425878669766774,0.033797083594119454,-0.6113370412913671,2.203333272775981,3.9189111414049593,고위험
1150051000,염창동,강서구,0.09841662492716884,-12.76595744680851,2.9,0.01276595744680851,1.7425878669766774,0.349126548968687,-0.6113370412913671,-1.2550894025744,2.260755386623919,고위험
1150061500,우장산동,강서구,0.09841662492716884,-41.03945491998098,2.9,0.02614482649342418,1.7425878669766774,-0.8058436986717666,-0.6113370412913671,-1.0121632839947732,2.0336522670780073,고위험
1150059000,화곡본동,강서구,0.09841662492716884,-40.592535590611774,2.9,0.11331281262023855,1.7425878669766774,-0.7875870776433056,-0.6113370412913671,0.5705848885457383,2.316883784184943,고위험
1150054000,화곡제1동,강서구,0.09841662492716884,-24.04010481941438,2.9,0.08237438760396491,1.7425878669766774,-0.11142152419519863,-0.6113370412913671,0.008822046112403299,2.2747007756519384,고위험
1150055000,화곡제2동,강서구,0.09841662492716884,-68.59557867360208,2.9,0.08940182054616384,1.7425878669766774,-1.9315092837635852,-0.6113370412913671,0.1364222941063721,2.114753648690329,고위험
1150056000,화곡제3동,강서구,0.09841662492716884,-48.7072945521699,2.9,0.05263157894736842,1.7425878669766774,-1.1190743715752416,-0.6113370412913671,-0.5312314544808496,2.0485097653079127,고위험
1150057000,화곡제4동,강서구,0.09841662492716884,-51.85549275006144,2.9,0.10297370361268125,1.7425878669766774,-1.2476780314404614,-0.6113370412913671,0.3828530547093873,2.2143733742493903,고위험
1150059100,화곡제6동,강서구,0.09841662492716884,-50.25005953798523,2.9,0.08382948321028816,1.7425878669766774,-1.1820962053405506,-0.6113370412913671,0.03524286887214107,2.133121238422037,고위험
1150059300,화곡제8동,강서구,0.09841662492716884,-45.909486510008705,2.9,0.07506527415143603,1.7425878669766774,-1.0047841232474042,-0.6113370412913671,-0.12389280109137638,2.1175139877478277,고위험
1162058500,낙성대동,관악구,0.07875295687511373,-91.22287968441815,4.7,0.06804733727810651,-0.3584035844639621,-2.85583283010569,0.3301394370469373,-0.2513206247089519,0.7273593910720184,저위험
1162077500,난곡동,관악구,0.07875295687511373,-40.15705871854364,4.7,0.12582545065143674,-0.3584035844639621,-0.7697978801359414,0.3301394370469373,0.7977824625349769,1.117326723381252,중위험
1162071500,난향동,관악구,0.07875295687511373,-78.64383082838168,4.7,0.07375043691017127,-0.3584035844639621,-2.3419796293786415,0.3301394370469373,-0.14776688988554015,0.7539885421054312,저위험
1162063000,남현동,관악구,0.07875295687511373,-3.712453594330071,4.7,0.042524468444144446,-0.3584035844639621,0.7189615011684487,0.3301394370469373,-0.7147507875462007,1.1683658285405394,중위험
1162073500,대학동,관악구,0.07875295687511373,-70.2685821361649,4.7,0.07682698313554029,-0.3584035844639621,-1.9998513495194388,0.3301394370469373,-0.09190466187840135,0.7737050957015879,저위험
1162076500,미성동,관악구,0.07875295687511373,-36.812827225130896,4.7,0.07100785340314136,-0.3584035844639621,-0.6331862748763208,0.3301394370469373,-0.1975652072113092,0.85429752645404,저위험
1162052500,보라매동,관악구,0.07875295687511373,-39.5045910740978,4.7,0.08840486867392697,-0.3584035844639621,-0.7431446258790873,0.3301394370469373,0.11832019236000217,0.9014526972369639,저위험
1162074500,삼성동,관악구,0.07875295687511373,-40.797824116047146,4.7,0.1343608340888486,-0.3584035844639621,-0.7959730984843709,0.3301394370469373,0.9527632431835328,1.1887862235224267,중위험
1162066500,서림동,관악구,0.07875295687511373,-60.712358337830544,4.7,0.07906098219104156,-0.3584035844639621,-1.6094803252999372,0.3301394370469373,-0.05134094026840795,0.7974166495884351,저위험
1162064500,서원동,관악구,0.07875295687511373,-66.48936170212765,4.7,0.08037825059101655,-0.3584035844639621,-1.8454704787152691,0.3301394370469373,-0.02742270783646201,0.7915055466047879,저위험
1162056500,성현동,관악구,0.07875295687511373,-33.059328091493924,4.7,0.12598284488920658,-0.3584035844639621,-0.4798561172611057,0.3301394370469373,0.8006403402176872,1.1575392279492456,중위험
1162069500,신림동,관악구,0.07875295687511373,-113.35012594458438,4.7,0.11486146095717883,-0.3584035844639621,-3.759729177451992,0.3301394370469373,0.5987043901438843,0.9272022492285922,저위험
1162068500,신사동,관악구,0.07875295687511373,-62.44796003330558,4.7,0.13544268665001388,-0.3584035844639621,-1.6803795241673587,0.3301394370469373,0.9724069247715358,1.1328639248041137,중위험
1162065500,신원동,관악구,0.07875295687511373,-67.68953068592059,4.7,0.11702767749699157,-0.3584035844639621,-1.8944972915366043,0.3301394370469373,0.6380373542521482,0.9735787846510437,중위험
1162060500,은천동,관악구,0.07875295687511373,-30.19915115899445,4.7,0.10039177277179236,-0.3584035844639621,-0.36301810444861565,0.3301394370469373,0.33597177980993437,1.0111811899404983,중위험
1162062500,인헌동,관악구,0.07875295687511373,-44.492544492544496,4.7,0.056998556998557,-0.3584035844639621,-0.9469021482863782,0.3301394370469373,-0.4519382777406214,0.7816917491769353,저위험
1162072500,조원동,관악구,0.07875295687511373,-73.09941520467837,4.7,0.08934372969460688,-0.3584035844639621,-2.115490667692654,0.3301394370469373,0.1353675124918314,0.8165628496360899,저위험
1162061500,중앙동,관악구,0.07875295687511373,-76.7316466196599,4.7,0.08875985068436333,-0.3584035844639621,-2.263867048111427,0.3301394370469373,0.12476575974394426,0.8099913676311888,저위험
1162059500,청룡동,관악구,0.07875295687511373,-39.26146010186758,4.7,0.09231748726655348,-0.3584035844639621,-0.7332127439294892,0.3301394370469373,0.18936336087279013,0.9192146261778736,저위험
1162054500,청림동,관악구,0.07875295687511373,-64.70793983910458,4.7,0.07939839104582022,-0.3584035844639621,-1.7726995294458998,0.3301394370469373,-0.045214456543947595,0.7910547669672854,저위험
1162057500,행운동,관악구,0.07875295687511373,-40.874944763588154,4.7,0.09456473707467963,-0.3584035844639621,-0.7991234711424812,0.3301394370469373,0.2301676823341018,0.9216207838562764,저위험
1121581000,광장동,광진구,0.08160855930640103,-5.956813104988831,3.4,0.014643832216430876,-0.05329284515707673,0.627279583772861,-0.3498157973085048,-1.2209919891552614,0.9877500731925921,중위험
1121585000,구의제1동,광진구,0.08160855930640103,-24.024024024024023,3.4,0.08228228228228228,-0.05329284515707673,-0.11076462491162466,-0.3498157973085048,0.0071496485264092744,0.8858575828334989,저위험
1121586000,구의제2동,광진구,0.08160855930640103,-18.306131451257166,3.4,0.08248786943096603,-0.05329284515707673,0.12281085711058713,-0.3498157973085048,0.010882586481447425,0.9454912132248137,저위험
1121587000,구의제3동,광진구,0.08160855930640103,-23.545392800543354,3.4,0.031242925062259452,-0.05329284515707673,-0.09121257539116988,-0.3498157973085048,-0.9195948244973103,0.7685771945725995,저위험
1121573000,군자동,광진구,0.08160855930640103,-6.607929515418502,3.4,0.08244178728760226,-0.05329284515707673,0.6006815273240513,-0.3498157973085048,0.010045852361083053,1.1184947322919605,중위험
1121578000,능동,광진구,0.08160855930640103,-1.777251184834123,3.4,0.06398104265402843,-0.05329284515707673,0.7980143742079702,-0.3498157973085048,-0.3251541577666932,1.1603999253422663,중위험
1121582000,자양제1동,광진구,0.08160855930640103,-24.583447145588636,3.4,0.11144496039333515,-0.05329284515707673,-0.1336170173990539,-0.3498157973085048,0.5366694589245224,1.0214266720956484,중위험
1121583000,자양제2동,광진구,0.08160855930640103,-21.352313167259787,3.4,0.058362989323843414,-0.05329284515707673,-0.001625437133790932,-0.3498157973085048,-0.4271636687888843,0.8407004995772874,저위험
1121584000,자양제3동,광진구,0.08160855930640103,-19.933554817275745,3.4,0.023920265780730896,-0.05329284515707673,0.05633073487421237,-0.3498157973085048,-1.05255562938633,0.7949309716216331,저위험
1121584700,자양제4동,광진구,0.08160855930640103,-23.68421052631579,3.4,0.10078947368421053,-0.05329284515707673,-0.09688326905983988,-0.3498157973085048,0.34319301343384523,0.9694388175558114,중위험
1121574000,중곡제1동,광진구,0.08160855930640103,-32.892249527410215,3.4,0.0945179584120983,-0.05329284515707673,-0.4730309704706078,-0.3498157973085048,0.229318301202286,0.8679613306244109,저위험
1121575000,중곡제2동,광진구,0.08160855930640103,-24.383164005805515,3.4,0.08272859216255443,-0.05329284515707673,-0.12543546618583704,-0.3498157973085048,0.015253496954888965,0.8842374314071462,저위험
1121576000,중곡제3동,광진구,0.08160855930640103,-28.407169428474806,3.4,0.11667230300980724,-0.05329284515707673,-0.2898157853853558,-0.3498157973085048,0.6315846604920765,1.0238531921734226,중위험
1121577000,중곡제4동,광진구,0.08160855930640103,-15.410016510731976,3.4,0.08824068978169143,-0.05329284515707673,0.24111693485096766,-0.3498157973085048,0.11533912266685269,1.0032534266513005,중위험
1121571000,화양동,광진구,0.08160855930640103,-4.264392324093817,3.4,0.06652452025586354,-0.05329284515707673,0.6964148455237956,-0.3498157973085048,-0.2789710955545461,1.11358403315442,중위험
1153059500,가리봉동,구로구,0.09231209696110376,-5.089058524173028,4.1,0.17353689567430025,1.0903412445341978,0.6627272932062955,0.016313944267502257,1.6641005429979432,2.687901996896275,고위험
1153074000,개봉제1동,구로구,0.09231209696110376,-12.00533570475767,4.1,0.0853712761227212,1.0903412445341978,0.3801978899872766,0.016313944267502257,0.06323789345650103,1.7253982398177388,고위험
1153075000,개봉제2동,구로구,0.09231209696110376,-11.859443631039532,4.1,0.050512445095168376,1.0903412445341978,0.386157570238045,0.016313944267502257,-0.56970951713861,1.627665765635521,고위험
1153076000,개봉제3동,구로구,0.09231209696110376,-18.01200800533689,4.1,0.05848343340004447,1.0903412445341978,0.1348257777794479,0.016313944267502257,-0.42497671174225465,1.5635400475621664,중위험
1153072000,고척제1동,구로구,0.09231209696110376,-17.814468824679558,4.1,0.051053660656093854,1.0903412445341978,0.14289523846852523,0.016313944267502257,-0.5598824237518353,1.5493561770309159,중위험
1153073000,고척제2동,구로구,0.09231209696110376,-14.745549361625606,4.1,0.08829347239705089,1.0903412445341978,0.2682603679717028,0.016313944267502257,0.11629752025883737,1.6982865970603347,고위험
1153052000,구로제1동,구로구,0.09231209696110376,-44.93996569468268,4.1,0.008919382504288165,1.0903412445341978,-0.965179270779747,0.016313944267502257,-1.324933386946793,1.295091555775249,중위험
1153053000,구로제2동,구로구,0.09231209696110376,-22.862129144851657,4.1,0.09075043630017451,1.0903412445341978,-0.06330130638857298,0.016313944267502257,0.16090971448814365,1.6162796309470515,고위험
1153054000,구로제3동,구로구,0.09231209696110376,-36.75645342312009,4.1,0.04826038159371493,1.0903412445341978,-0.6308834092994451,0.016313944267502257,-0.610601242986044,1.3883339303007878,중위험
1153055000,구로제4동,구로구,0.09231209696110376,-28.244933160845193,4.1,0.09896507115135834,1.0903412445341978,-0.28318844604121446,0.016313944267502257,0.31006651937157387,1.6077463090941913,고위험
1153056000,구로제5동,구로구,0.09231209696110376,-26.789366053169733,4.1,0.048466257668711654,1.0903412445341978,-0.22372863904689463,0.016313944267502257,-0.6068630588665116,1.455593313644931,중위험
1153079000,수궁동,구로구,0.09231209696110376,-6.321112515802781,4.1,0.07796038769490098,1.0903412445341978,0.6123979802102917,0.016313944267502257,-0.07132492756553785,1.7941430558561957,고위험
1153051000,신도림동,구로구,0.09231209696110376,-1.7899761336515514,4.1,0.00994431185361973,1.0903412445341978,0.7974945610047814,0.016313944267502257,-1.306323285615811,1.7558544703897752,고위험
1153077000,오류제1동,구로구,0.09231209696110376,-20.76867987586536,4.1,0.10241107662926713,1.0903412445341978,0.022215938972318338,0.016313944267502257,0.3726371845328621,1.6926263529653733,고위험
1153078000,오류제2동,구로구,0.09231209696110376,-8.3266183185603,4.1,0.0854149879129734,1.0903412445341978,0.5304732188378064,0.016313944267502257,0.06403158801357718,1.7848580273924863,고위험
1154551000,가산동,금천구,0.0902958330405453,-10.119262739428983,6.1,0.10733646548608601,0.8749107739969983,0.4572438289235752,1.0623989201989514,0.4620696764208835,2.1553239315969956,고위험
1154561000,독산제1동,금천구,0.0902958330405453,-24.043892205906083,6.1,0.11812167177666613,0.8749107739969983,-0.1115762386488449,1.0623989201989514,0.6579014984622212,2.052677332321285,고위험
1154562000,독산제2동,금천구,0.0902958330405453,-40.59945504087194,6.1,0.12833787465940055,0.8749107739969983,-0.787869736666587,1.0623989201989514,0.8434016707321981,2.021479388131584,고위험
1154563000,독산제3동,금천구,0.0902958330405453,-31.322261929787683,6.1,0.1156190876602901,0.8749107739969983,-0.4088970950581623,1.0623989201989514,0.6124609575845122,1.9780131364314248,고위험
1154564000,독산제4동,금천구,0.0902958330405453,-48.80445463478546,6.1,0.09564362921716345,0.8749107739969983,-1.1230433536506195,1.0623989201989514,0.24975761027393384,1.780989170940718,고위험
1154567000,시흥제1동,금천구,0.0902958330405453,-16.039481801357187,6.1,0.09870450339296731,0.8749107739969983,0.21540332501955922,1.0623989201989514,0.30533527385654735,2.0244307474702437,고위험
1154568000,시흥제2동,금천구,0.0902958330405453,-23.836809534723816,6.1,0.13476965390786155,0.8749107739969983,-0.10311692708880986,1.0623989201989514,0.9601863677753952,2.190866272261857,고위험
1154569000,시흥제3동,금천구,0.0902958330405453,-42.07119741100323,6.1,0.06067961165048544,0.8749107739969983,-0.8479903019170084,1.0623989201989514,-0.3850997194322375,1.6860694968977732,고위험
1154570000,시흥제4동,금천구,0.0902958330405453,-23.66325369738339,6.1,0.11194539249146758,0.8749107739969983,-0.09602718417240133,1.0623989201989514,0.5457560287076927,2.0152166230562676,고위험
1154571000,시흥제5동,금천구,0.0902958330405453,-22.93274531422271,6.1,0.14707828004410142,0.8749107739969983,-0.06618597160211065,1.0623989201989514,1.183679606397151,2.3301876593073123,고위험
1135059500,공릉1동,노원구,0.09071991546896395,-15.144958892254435,7.0,0.1367373431414972,0.9202224398802443,0.2519445186524578,1.5331371593681038,0.9959145826515952,2.774197465204349,고위험
1135060000,공릉2동,노원구,0.09071991546896395,-17.60268231349539,7.0,0.05046102263202012,0.9202224398802443,0.15154670153924665,1.5331371593681038,-0.5706432178375918,2.315066988468416,고위험
1135072000,상계10동,노원구,0.09071991546896395,-116.57065401558793,7.0,0.025753981701118266,0.9202224398802443,-3.89128750719982,1.5331371593681038,-1.0192600279744861,1.9884036012313657,고위험
1135063000,상계1동,노원구,0.09071991546896395,-45.04976427448926,7.0,0.08263488737558931,0.9202224398802443,-0.9696645345158699,1.5331371593681038,0.01355205716125221,2.2086578852340817,고위험
1135064000,상계2동,노원구,0.09071991546896395,-96.14309670206819,7.0,0.08552263834544438,0.9202224398802443,-3.056823325629356,1.5331371593681038,0.06598624513986154,2.1365280920906438,고위험
1135066500,상계3.4동,노원구,0.09071991546896395,-55.261044176706825,7.0,0.16433734939759037,0.9202224398802443,-1.3867945513657756,1.5331371593681038,1.4970602601528018,2.8673018968724953,고위험
1135067000,상계5동,노원구,0.09071991546896395,-65.27514231499052,7.0,0.11688804554079696,0.9202224398802443,-1.7958697079729058,1.5331371593681038,0.6355019942729265,2.330216156462758,고위험
1135069500,상계6.7동,노원구,0.09071991546896395,-64.85671191553546,7.0,0.035633484162895926,0.9202224398802443,-1.778776857591114,1.5331371593681038,-0.83987347607871,2.0396906327549544,고위험
1135070000,상계8동,노원구,0.09071991546896395,-111.72458590451446,7.0,0.023384215654433257,0.9202224398802443,-3.6933259889391286,1.5331371593681038,-1.0622889316626196,1.986481479112519,고위험
1135071000,상계9동,노원구,0.09071991546896395,-92.64745488823054,7.0,0.026663075680043093,0.9202224398802443,-2.9140266201555716,1.5331371593681038,-1.002753201354475,1.9980642696100386,고위험
1135056000,월계1동,노원구,0.09071991546896395,-13.673232908458864,7.0,0.0690614136732329,0.9202224398802443,0.31206441452229594,1.5331371593681038,-0.2329075853292451,2.4111324982721487,고위험
1135057000,월계2동,노원구,0.09071991546896395,-9.665792922673658,7.0,0.21379423328964614,0.9202224398802443,0.4757680368696323,1.5331371593681038,2.3950710560638013,4.507234377818696,고위험
1135058000,월계3동,노원구,0.09071991546896395,-9.17003419334784,7.0,0.13770593720857943,0.9202224398802443,0.4960197437171017,1.5331371593681038,1.0135017790263938,2.8727159338992134,고위험
1135062100,중계1동,노원구,0.09071991546896395,-29.00232018561485,7.0,0.08816705336426914,0.9202224398802443,-0.31412764910188634,1.5331371593681038,0.1140020732489849,2.3178838032521556,고위험
1135062500,중계2.3동,노원구,0.09071991546896395,-9.755463059313215,7.0,0.24843912591050987,0.9202224398802443,0.4721050185246677,1.5331371593681038,3.0241338911711777,6.427203063830875,고위험
1135062400,중계4동,노원구,0.09071991546896395,-100.91522157996147,7.0,0.2056840077071291,0.9202224398802443,-3.251764268369862,1.5331371593681038,2.247810057043526,3.814199126634569,고위험
1135061900,중계본동,노원구,0.09071991546896395,-28.227324049680092,7.0,0.05306736921339857,0.9202224398802443,-0.282469115173062,1.5331371593681038,-0.5233186154006085,2.218116615742417,고위험
1135061100,하계1동,노원구,0.09071991546896395,-4.6433094132545385,7.0,0.2766990291262136,0.9202224398802443,0.6809361108989612,1.5331371593681038,3.537261613380508,9.27959096945618,고위험
1135061200,하계2동,노원구,0.09071991546896395,-6.434630008774495,7.0,0.12957004972214098,0.9202224398802443,0.6077607991507687,1.5331371593681038,0.8657748253209155,2.845574598781501,고위험
1132052100,도봉제1동,도봉구,0.08902379580803829,-16.838946315438477,4.3,0.11670556852284095,0.7389982197199184,0.18274525968171562,0.12092244186064727,0.6321886773141024,1.5867574655995147,중위험
1132052200,도봉제2동,도봉구,0.08902379580803829,-14.699461504875563,4.3,0.07422500363848057,0.7389982197199184,0.2701430534574416,0.12092244186064727,-0.13914996920909684,1.411842886059352,중위험
1132069000,방학제1동,도봉구,0.08902379580803829,-26.003210272873194,4.3,0.10417335473515249,0.7389982197199184,-0.1916142344842961,0.12092244186064727,0.4046356575449648,1.4164430093324003,중위험
1132070000,방학제2동,도봉구,0.08902379580803829,-34.91379310344828,4.3,0.17478448275862069,0.7389982197199184,-0.5556108736767132,0.12092244186064727,1.6867535405665757,2.134098857644901,고위험
1132071000,방학제3동,도봉구,0.08902379580803829,-29.67576479208646,4.3,0.022531599193991572,0.7389982197199184,-0.3416378106815309,0.12092244186064727,-1.0777702706794323,1.156007513392973,중위험
1132066000,쌍문제1동,도봉구,0.08902379580803829,-29.81940361192776,4.3,0.0879882402351953,0.7389982197199184,-0.3475054456807135,0.12092244186064727,0.11075528316189807,1.3103217558213567,중위험
1132067000,쌍문제2동,도봉구,0.08902379580803829,-34.82953151827324,4.3,0.09982830512631836,0.7389982197199184,-0.5521687942527392,0.12092244186064727,0.3257406453557987,1.3312216056471586,중위험
1132068000,쌍문제3동,도봉구,0.08902379580803829,-40.033831406822664,4.3,0.0916267268113899,0.7389982197199184,-0.764764053709993,0.12092244186064727,0.17682091385006285,1.265329819451746,중위험
1132068100,쌍문제4동,도봉구,0.08902379580803829,-42.79686558167571,4.3,0.03164556962025317,0.7389982197199184,-0.8776337921707928,0.12092244186064727,-0.9122838268860911,1.094547994677041,중위험
1132051100,창제1동,도봉구,0.08902379580803829,-30.26609790777981,4.3,0.047125736339630304,0.7389982197199184,-0.3657528741069049,0.12092244186064727,-0.6312035051488012,1.190094208261255,중위험
1132051200,창제2동,도봉구,0.08902379580803829,-26.880750496121234,4.3,0.07126104997293885,0.7389982197199184,-0.22746168667590935,0.12092244186064727,-0.19296780366962962,1.2743253539701047,중위험
1132051300,창제3동,도봉구,0.08902379580803829,-48.55001629195178,4.3,0.13326816552623005,0.7389982197199184,-1.1126495664613734,0.12092244186064727,0.932923170611924,1.5008429111429125,중위험
1132051400,창제4동,도봉구,0.08902379580803829,-32.60393873085339,4.3,0.024288840262582056,0.7389982197199184,-0.46125349609154986,0.12092244186064727,-1.0458632574099223,1.1381862925024762,중위험
1132051500,창제5동,도봉구,0.08902379580803829,-31.742650191734125,4.3,0.040264167021729864,0.7389982197199184,-0.4260699239756362,0.12092244186064727,-0.7557920930148481,1.1674807779309453,중위험
1123060000,답십리제1동,동대문구,0.08409020698177325,-28.843861740166865,1.2,0.07604290822407628,0.21186218785313765,-0.30765463351004335,-1.500509270833099,-0.1061414612860313,0.7901991799391969,저위험
1123061000,답십리제2동,동대문구,0.08409020698177325,-15.128072889805741,1.2,0.09970775313735603,0.21186218785313765,0.252634310583871,-1.500509270833099,0.32355172888882106,1.0248060294840342,중위험
1123053600,용신동,동대문구,0.08409020698177325,-7.0066807886589535,1.2,0.12660909239041876,0.21186218785313765,0.5843925677696677,-1.500509270833099,0.812011396635804,1.3255094406702683,중위험
1123074000,이문제1동,동대문구,0.08409020698177325,-6.205398696866274,1.2,0.07508532423208192,0.21186218785313765,0.6171248810204703,-1.500509270833099,-0.12352874279530196,1.0667044182643757,중위험
1123075000,이문제2동,동대문구,0.08409020698177325,-4.814636494944632,1.2,0.08666345690900337,0.21186218785313765,0.6739374124834263,-1.500509270833099,0.08670059884818755,1.1351482054734403,중위험
1123065000,장안제1동,동대문구,0.08409020698177325,-8.013988051872358,1.2,0.06586041089902375,0.21186218785313765,0.5432441417446412,-1.500509270833099,-0.29102962664617915,1.0064418252966691,중위험
1123066000,장안제2동,동대문구,0.08409020698177325,-10.031004924311508,1.2,0.07076418019332482,0.21186218785313765,0.460849154040468,-1.500509270833099,-0.20198969083965782,0.9863229911177789,중위험
1123056000,전농제1동,동대문구,0.08409020698177325,-5.672052251632864,1.2,0.13887933997937435,0.21186218785313765,0.6389120432388652,-1.500509270833099,1.0348077787821726,1.4630651119536613,중위험
1123057000,전농제2동,동대문구,0.08409020698177325,-8.643268727082242,1.2,0.08302776322682033,0.21186218785313765,0.517538073439079,-1.500509270833099,0.020685679987716782,1.050200551952431,중위험
1123054500,제기동,동대문구,0.08409020698177325,-16.024548244118648,1.2,0.13024207296283669,0.21186218785313765,0.2160133597108214,-1.500509270833099,0.8779770523468843,1.218032643460432,중위험
1123070500,청량리동,동대문구,0.08409020698177325,-3.6496350364963503,1.2,0.16843065693430656,0.21186218785313765,0.7215276345365074,-1.500509270833099,1.5713842787662238,1.9036022175286114,고위험
1123071000,회기동,동대문구,0.08409020698177325,-4.4958253050738595,1.2,0.045600513808606295,0.21186218785313765,0.6869608256379176,-1.500509270833099,-0.6588976538949228,1.0269480511608575,중위험
1123072000,휘경제1동,동대문구,0.08409020698177325,-12.849931161083065,1.2,0.04726938962826985,0.21186218785313765,0.3456962290493704,-1.500509270833099,-0.6285951280349501,0.8864588436519975,저위험
1123073000,휘경제2동,동대문구,0.08409020698177325,-6.746987951807228,1.2,0.046506024096385545,0.21186218785313765,0.5950010006447901,-1.500509270833099,-0.6424558979604196,0.9850053981297426,중위험
1159051000,노량진제1동,동작구,0.07142228351770885,-5.160645913101382,5.4,0.07691027135009156,-1.141659384777456,0.6598029537468084,0.6962691786229446,-0.09039236045637013,1.2636673811361023,중위험
1159052000,노량진제2동,동작구,0.07142228351770885,-11.145786892554614,5.4,0.13196611680784665,-1.141659384777456,0.41531039438936557,0.6962691786229446,0.9092812887565611,1.4725678153336323,중위험
1159066000,대방동,동작구,0.07142228351770885,-6.458369698027579,5.4,0.09128992843428173,-1.141659384777456,0.6067910346283019,0.6962691786229446,0.17070551484213972,1.2932120912972418,중위험
1159062000,사당제1동,동작구,0.07142228351770885,-19.672968829841594,5.4,0.057230454777721,-1.141659384777456,0.06697565288352587,0.6962691786229446,-0.44772760588164273,0.9924831753907569,중위험
1159063000,사당제2동,동작구,0.07142228351770885,-13.381369016984046,5.4,0.04614856750729113,-1.141659384777456,0.32398703256181627,0.6962691786229446,-0.6489463973775871,1.0475266295544283,중위험
1159064000,사당제3동,동작구,0.07142228351770885,-16.421411814885904,5.4,0.03540200469183195,-1.141659384777456,0.19980151266064813,0.6962691786229446,-0.8440765525301281,0.9886309963342133,중위험
1159065000,사당제4동,동작구,0.07142228351770885,-27.529495888451915,5.4,0.07114765820521989,-1.141659384777456,-0.2539628872135058,0.6962691786229446,-0.195026708791944,0.9558427499624385,저위험
1159065100,사당제5동,동작구,0.07142228351770885,-31.288094270621702,5.4,0.052417716375457134,-1.141659384777456,-0.4075013487481887,0.6962691786229446,-0.5351146530025518,0.8807981335757857,저위험
1159053000,상도제1동,동작구,0.07142228351770885,-12.915377371182565,5.4,0.06538409794161174,-1.141659384777456,0.3430227562836657,0.6962691786229446,-0.29967825438669465,1.0978615962527813,중위험
1159054000,상도제2동,동작구,0.07142228351770885,-20.06311992786294,5.4,0.03944995491433724,-1.141659384777456,0.051038009840726685,0.6962691786229446,-0.7705761069894419,0.9529900691911758,저위험
1159055000,상도제3동,동작구,0.07142228351770885,-19.14802065404475,5.4,0.07142857142857142,-1.141659384777456,0.08841974642638442,0.6962691786229446,-0.1899260415555199,1.0358657694611577,중위험
1159056000,상도제4동,동작구,0.07142228351770885,-16.49981460882462,5.4,0.08231368186874305,-1.141659384777456,0.19659876441851692,0.6962691786229446,0.007719784883775733,1.103213881979088,중위험
1159067000,신대방제1동,동작구,0.07142228351770885,-10.311871227364184,5.4,0.06111670020120724,-1.141659384777456,0.44937578666176253,0.6962691786229446,-0.3771633068152606,1.1263442620602835,중위험
1159068000,신대방제2동,동작구,0.07142228351770885,-11.832611832611834,5.4,0.05108225108225108,-1.141659384777456,0.38725364718799016,0.6962691786229446,-0.5593632945765131,1.0798971524382053,중위험
1159060500,흑석동,동작구,0.07142228351770885,-3.114658360911038,5.4,0.03718123418337551,-1.141659384777456,0.7433813915423011,0.6962691786229446,-0.8117702856149575,1.2119229856441531,중위험
1144056500,공덕동,마포구,0.08008932559178204,-9.530069010844562,2.0,0.0767334866907657,-0.21561744495733115,0.4813123484711497,-1.0820752804605192,-0.09360231870955414,0.9132140839351275,저위험
1144060000,대흥동,마포구,0.08008932559178204,-7.556675062972292,2.0,0.0982367758186398,-0.21561744495733115,0.5619253429840803,-1.0820752804605192,0.2968425347626708,1.0341682322548997,중위험
1144058500,도화동,마포구,0.08008932559178204,-6.005221932114883,2.0,0.06736292428198433,-0.21561744495733115,0.6253020868216328,-1.0820752804605192,-0.26374781807440845,0.9473720052159026,저위험
1144069000,망원제1동,마포구,0.08008932559178204,-7.624633431085044,2.0,0.07214076246334311,-0.21561744495733115,0.5591492487522681,-1.0820752804605192,-0.17699446989864218,0.9313887750201622,저위험
1144070000,망원제2동,마포구,0.08008932559178204,-8.019740900678594,2.0,0.05181986428130783,-0.21561744495733115,0.543009138303108,-1.0820752804605192,-0.5459701212944049,0.8726864479246593,저위험
1144074000,상암동,마포구,0.08008932559178204,-1.8695956999298902,2.0,0.08226221079691516,-0.21561744495733115,0.7942421077039908,-1.0820752804605192,0.006785201575222831,1.0810884406553705,중위험
1144065500,서강동,마포구,0.08008932559178204,-2.9940119760479043,2.0,0.03922155688622755,-0.21561744495733115,0.7483097873000072,-1.0820752804605192,-0.7747232323007525,0.9470584307476306,저위험
1144066000,서교동,마포구,0.08008932559178204,-20.389805097451273,2.0,0.033883058470764615,-0.21561744495733115,0.037692945206331284,-1.0820752804605192,-0.8716567395047827,0.6697906444706407,저위험
1144072000,성산제1동,마포구,0.08008932559178204,-8.207485226526593,2.0,0.06139198949441891,-0.21561744495733115,0.5353397966971216,-1.0820752804605192,-0.3721647557977248,0.8913912216808548,저위험
1144073000,성산제2동,마포구,0.08008932559178204,-4.978220286247667,2.0,0.1431238332296204,-0.21561744495733115,0.6672550268984628,-1.0820752804605192,1.1118769441224616,1.4217678544392425,중위험
1144063000,신수동,마포구,0.08008932559178204,-4.449718184514981,2.0,0.04212399881340848,-0.21561744495733115,0.6888442980488002,-1.0820752804605192,-0.722022294028904,0.9215429144983462,저위험
1144055500,아현동,마포구,0.08008932559178204,-14.52577613215608,2.0,0.07035032754201083,-0.21561744495733115,0.27723808788435284,-1.0820752804605192,-0.2095041988221564,0.8186033231358761,저위험
1144071000,연남동,마포구,0.08008932559178204,-5.212858384013901,2.0,0.04300608166811468,-0.21561744495733115,0.6576700782326639,-1.0820752804605192,-0.7060059204914398,0.9078307296166642,저위험
1144061000,염리동,마포구,0.08008932559178204,-19.6360153256705,2.0,0.08045977011494253,-0.21561744495733115,0.06848520075266266,-1.0820752804605192,-0.025942521322430367,0.7891353678771518,저위험
1144059000,용강동,마포구,0.08008932559178204,-15.784281486353173,2.0,0.06708319631700099,-0.21561744495733115,0.22582823871471783,-1.0820752804605192,-0.2688269640436837,0.7927311450685526,저위험
1144068000,합정동,마포구,0.08008932559178204,-11.935844834017159,2.0,0.05147333084669899,-0.21561744495733115,0.3830365868362983,-1.0820752804605192,-0.5522622841023581,0.8083480900941226,저위험
1141069000,남가좌제1동,서대문구,0.08271375464684015,-11.769834350479512,11.5,0.05754141238012206,0.06479325944393888,0.3898181026167326,3.8868283552138645,-0.4420814093959073,13.006800106584967,고위험
1141070000,남가좌제2동,서대문구,0.08271375464684015,-5.4043234587670135,11.5,0.09867894315452362,0.06479325944393888,0.649848744313437,3.8868283552138645,0.3048711651569659,13.25918542975584,고위험
1141071000,북가좌제1동,서대문구,0.08271375464684015,-16.278327481646986,11.5,0.04915416533673795,0.06479325944393888,0.20564649692378106,3.8868283552138645,-0.5943724111777922,12.926544098379937,고위험
1141072000,북가좌제2동,서대문구,0.08271375464684015,-7.783882783882784,11.5,0.08348595848595848,0.06479325944393888,0.5526439246546071,3.8868283552138645,0.02900533656453136,13.149429039914555,고위험
1141055500,북아현동,서대문구,0.08271375464684015,-6.858122588941277,11.5,0.07843977711101587,0.06479325944393888,0.590461159067216,3.8868283552138645,-0.06262043918620039,13.148147723109528,고위험
1141058500,신촌동,서대문구,0.08271375464684015,-5.191127890514394,11.5,0.04624823029731005,0.06479325944393888,0.6585577672595446,3.8868283552138645,-0.6471367754535099,13.096792116190409,고위험
1141061500,연희동,서대문구,0.08271375464684015,-8.206330597889801,11.5,0.051415173337799366,0.06479325944393888,0.5353869631901893,3.8868283552138645,-0.55331827604413,13.051117577732029,고위험
1141052000,천연동,서대문구,0.08271375464684015,-3.0543677458766036,11.5,0.10751374465485644,0.06479325944393888,0.7458442586369287,3.8868283552138645,0.4652886137035768,13.35463249267683,고위험
1141056500,충현동,서대문구,0.08271375464684015,-9.770114942528735,11.5,0.08160919540229886,0.06479325944393888,0.47150649019608415,3.8868283552138645,-0.005071891474582489,13.108672390490984,고위험
1141066000,홍은제1동,서대문구,0.08271375464684015,-11.462534493738058,11.5,0.06452982381659945,0.06479325944393888,0.4023712786777177,3.8868283552138645,-0.3151896923616957,13.028854301624012,고위험
1141068500,홍은제2동,서대문구,0.08271375464684015,-9.915534337128168,11.5,0.06904149834741094,0.06479325944393888,0.46556611885180327,3.8868283552138645,-0.23326919682161573,13.065699604119512,고위험
1141062000,홍제제1동,서대문구,0.08271375464684015,-13.53568498769483,11.5,0.05906480721903199,0.06479325944393888,0.3176832367517709,3.8868283552138645,-0.41442044687424784,12.984712467746816,고위험
1141065500,홍제제2동,서대문구,0.08271375464684015,-23.44582593250444,11.5,0.09484902309058614,0.06479325944393888,-0.08714527631206573,3.8868283552138645,0.23532959087584832,12.991283735822503,고위험
1141064000,홍제제3동,서대문구,0.08271375464684015,-16.700404858299596,11.5,0.06756072874493928,0.06479325944393888,0.18840466779746046,3.8868283552138645,-0.26015619383053945,12.965099331947071,고위험
1165066000,내곡동,서초구,0.06318183263891097,-2.306805074971165,2.2,0.058823529411764705,-2.0221216060953857,0.7763821375803339,-0.9774667828673742,-0.41880143610544684,0.808743583875237,저위험
1165056000,반포1동,서초구,0.06318183263891097,-20.100502512562816,2.2,0.03421871261067241,-2.0221216060953857,0.049510934064225215,-0.9774667828673742,-0.8655621169242882,0.48063031646900556,저위험
1165057000,반포2동,서초구,0.06318183263891097,-6.1582188536238744,2.2,0.0009474182851729038,-2.0221216060953857,0.6190521740723827,-0.9774667828673742,-1.469683912455167,0.6440694271327669,저위험
1165058000,반포3동,서초구,0.06318183263891097,-8.92325996430696,2.2,0.002082093991671624,-2.0221216060953857,0.5061004524337035,-0.9774667828673742,-1.4490810973542854,0.5954377347360773,저위험
1165058100,반포4동,서초구,0.06318183263891097,-27.731924727632883,2.2,0.01188511059755695,-2.0221216060953857,-0.2622320900859221,-0.9774667828673742,-1.2710833334071339,0.3822166809680737,저위험
1165055000,반포본동,서초구,0.06318183263891097,-317.0731707317073,2.2,0.03772144651887663,-2.0221216060953857,-12.081800251648282,-0.9774667828673742,-0.8019614082416254,0.22346917585470794,저위험
1165060000,방배1동,서초구,0.06318183263891097,-22.486772486772484,2.2,0.041005291005291,-2.0221216060953857,-0.04796801510593098,-0.9774667828673742,-0.7423351728457758,0.4672693411268874,저위험
1165061000,방배2동,서초구,0.06318183263891097,-19.05295601008686,2.2,0.052956010086859066,-2.0221216060953857,0.09230312999002305,-0.9774667828673742,-0.52534061294647,0.5262231432144289,저위험
1165062000,방배3동,서초구,0.06318183263891097,-20.451127819548873,2.2,0.013834586466165413,-2.0221216060953857,0.035187916615713674,-0.9774667828673742,-1.2356858267587303,0.4508587163900612,저위험
1165062100,방배4동,서초구,0.06318183263891097,-18.74827681279294,2.2,0.02977667493796526,-2.0221216060953857,0.10474925230946196,-0.9774667828673742,-0.9462181848367095,0.48902736779479683,저위험
1165059000,방배본동,서초구,0.06318183263891097,-21.085271317829456,2.2,0.031007751937984496,-2.0221216060953857,0.009283202353048864,-0.9774667828673742,-0.9238649682647173,0.4655060146816302,저위험
1165051000,서초1동,서초구,0.06318183263891097,-22.45414294750158,2.2,0.043010752688172046,-2.0221216060953857,-0.04663510087811505,-0.9774667828673742,-0.7059211066877925,0.4711176914938413,저위험
1165052000,서초2동,서초구,0.06318183263891097,-20.549927641099856,2.2,0.013603473227206947,-2.0221216060953857,0.031151951328014592,-0.9774667828673742,-1.2398822533697482,0.44957228002240684,저위험
1165053000,서초3동,서초구,0.06318183263891097,-27.51930310829539,2.2,0.020985943377549,-2.0221216060953857,-0.25354651290987756,-0.9774667828673742,-1.1058354357423492,0.39397582886964055,저위험
1165053100,서초4동,서초구,0.06318183263891097,-16.18418053339412,2.2,0.004103031684522453,-2.0221216060953857,0.20949239268681435,-0.9774667828673742,-1.4123860263505295,0.49075334615140764,저위험
1165065100,양재1동,서초구,0.06318183263891097,-3.819918144611187,2.2,0.10286493860845838,-2.0221216060953857,0.7145715823630897,-0.9774667828673742,0.3808781598045118,0.9373196890293152,저위험
1165065200,양재2동,서초구,0.06318183263891097,-7.719523962688967,2.2,0.08041170794467674,-2.0221216060953857,0.5552729776652083,-0.9774667828673742,-0.026815207678242685,0.7640904241151192,저위험
1165054000,잠원동,서초구,0.06318183263891097,-8.751458576429405,2.2,0.029754959159859977,-2.0221216060953857,0.5131185262213624,-0.9774667828673742,-0.9466124879477328,0.6290118641651757,저위험
1120059000,금호1가동,성동구,0.07387515412426073,-2.1699819168173597,2.3,0.12043399638336347,-0.8795790769624092,0.7819713533116311,-0.925162534070802,0.699887412192593,1.1727534448211825,중위험
1120061500,금호2.3가동,성동구,0.07387515412426073,-4.233067729083665,2.3,0.06399402390438247,-0.8795790769624092,0.6976944528765979,-0.925162534070802,-0.324918451388835,0.8704000744996381,저위험
1120062000,금호4가동,성동구,0.07387515412426073,-2.7591643673630273,2.3,0.08829325975561687,-0.8795790769624092,0.7579032944710924,-0.925162534070802,0.11629365923306345,0.9817185408184621,중위험
1120054000,마장동,성동구,0.07387515412426073,-2.9505778214900418,2.3,0.06884681583476764,-0.8795790769624092,0.7500840692505634,-0.925162534070802,-0.23680413441514353,0.9107276731993345,저위험
1120055000,사근동,성동구,0.07387515412426073,-15.748031496062993,2.3,0.04199475065616798,-0.8795790769624092,0.22730904809467303,-0.925162534070802,-0.7243691107189102,0.6343344824169458,저위험
1120065000,성수1가제1동,성동구,0.07387515412426073,-3.345880384776244,2.3,0.06608113759933082,-0.8795790769624092,0.7339359892387155,-0.925162534070802,-0.28702179307028747,0.8945191295858355,저위험
1120066000,성수1가제2동,성동구,0.07387515412426073,-4.028197381671702,2.3,0.035246727089627394,-0.8795790769624092,0.706063391176824,-0.925162534070802,-0.8468959975126953,0.8158527362516236,저위험
1120067000,성수2가제1동,성동구,0.07387515412426073,-13.25178389398573,2.3,0.09548080190282025,-0.8795790769624092,0.3292805751007928,-0.925162534070802,0.24680108178603877,0.8270808508870836,저위험
1120069000,성수2가제3동,성동구,0.07387515412426073,-21.25340599455041,2.3,0.033787465940054495,-0.8795790769624092,0.0024149134406634674,-0.925162534070802,-0.8733924559072456,0.5577150001035478,저위험
1120072000,송정동,성동구,0.07387515412426073,-3.234501347708895,2.3,0.1234501347708895,-0.8795790769624092,0.7384858145352035,-0.925162534070802,0.7546527880272609,1.17216965975671,중위험
1120064500,옥수동,성동구,0.07387515412426073,-2.3121387283236996,2.3,0.05225433526011561,-0.8795790769624092,0.776164258241591,-0.925162534070802,-0.5380812371032585,0.8836576841115705,저위험
1120053500,왕십리도선동,성동구,0.07387515412426073,-9.109311740890687,2.3,0.10020242914979757,-0.8795790769624092,0.4985002513380043,-0.925162534070802,0.3325337828455619,0.9140660214502365,저위험
1120052000,왕십리제2동,성동구,0.07387515412426073,-4.136893569010906,2.3,0.07972922151184655,-0.8795790769624092,0.701623160090173,-0.925162534070802,-0.03920741957096849,0.920170255603395,저위험
1120079000,용답동,성동구,0.07387515412426073,-10.884353741496598,2.3,0.15555555555555556,-0.8795790769624092,0.42598991896906807,-0.925162534070802,1.3376052954036228,1.368362133821306,중위험
1120058000,응봉동,성동구,0.07387515412426073,-0.3924646781789639,2.3,0.02511773940345369,-0.8795790769624092,0.8545827989682341,-0.925162534070802,-1.0308125643891344,0.8825458004379745,저위험
1120056000,행당제1동,성동구,0.07387515412426073,-9.972801450589301,2.3,0.053943789664551225,-0.8795790769624092,0.4632267615692945,-0.925162534070802,-0.5074050566610395,0.7413135939192296,저위험
1120057000,행당제2동,성동구,0.07387515412426073,-5.449591280653951,2.3,0.09611097349516969,-0.8795790769624092,0.6479995571902483,-0.925162534070802,0.2582433896848006,0.9604629651223043,중위험
1129066000,길음제1동,성북구,0.09053778080326753,-2.6865054763380862,5.2,0.056416615003099815,0.9007620129331381,0.7608714047107252,0.5916606810297996,-0.4625048592433126,1.8511660645296726,고위험
1129068500,길음제2동,성북구,0.09053778080326753,-22.64030612244898,5.2,0.08227040816326531,0.9007620129331381,-0.05423985258860108,0.5916606810297996,0.006934044828197191,1.628382961491778,고위험
1129058000,돈암제1동,성북구,0.09053778080326753,-6.301824212271973,5.2,0.10016583747927031,0.9007620129331381,0.6131859059604284,0.5916606810297996,0.3318693714919146,1.9304803177428078,고위험
1129059000,돈암제2동,성북구,0.09053778080326753,-5.153241117439653,5.2,0.046379170056956874,0.9007620129331381,0.6601054390932806,0.5916606810297996,-0.6447592435808291,1.778896972483041,고위험
1129057500,동선동,성북구,0.09053778080326753,-16.475972540045767,5.2,0.06910755148741418,0.9007620129331381,0.19757271113692002,0.5916606810297996,-0.23206984036890846,1.6533786739935399,고위험
1129061000,보문동,성북구,0.09053778080326753,-7.304882737408689,5.2,0.06382160707420223,0.9007620129331381,0.5722110405666343,0.5916606810297996,-0.32804910101157597,1.7773009126398889,고위험
1129055500,삼선동,성북구,0.09053778080326753,-13.610492452363276,5.2,0.07300173224449394,0.9007620129331381,0.31462735744021947,0.5916606810297996,-0.16136145589569634,1.7028241925900045,고위험
1129081000,석관동,성북구,0.09053778080326753,-4.788507581803671,5.2,0.08353285448257515,0.9007620129331381,0.6750047766222148,0.5916606810297996,0.02985684818298857,1.8872621068420967,고위험
1129052500,성북동,성북구,0.09053778080326753,-5.515898767034393,5.2,0.04866969500324465,0.9007620129331381,0.6452909013531732,0.5916606810297996,-0.6031691560500559,1.7762405257968512,고위험
1129060000,안암동,성북구,0.09053778080326753,-6.114769520225776,5.2,0.07102539981185324,0.9007620129331381,0.6208270760774223,0.5916606810297996,-0.19724660920810458,1.8195042780753654,고위험
1129071500,월곡제1동,성북구,0.09053778080326753,-11.7242773398019,5.2,0.0822720840913685,0.9007620129331381,0.3916791030802942,0.5916606810297996,0.006964475405528494,1.7614535876561597,고위험
1129072500,월곡제2동,성북구,0.09053778080326753,-17.370390165686796,5.2,0.07830037413148049,0.9007620129331381,0.16103581832552302,0.5916606810297996,-0.0651516415336463,1.6712569472333891,고위험
1129076000,장위제1동,성북구,0.09053778080326753,-12.293144208037825,5.2,0.12695035460992907,0.9007620129331381,0.368440934250834,0.5916606810297996,0.8182078476298795,2.0048468057960607,고위험
1129077000,장위제2동,성북구,0.09053778080326753,-16.4504903511547,5.2,0.11610249920911105,0.9007620129331381,0.19861365663868769,0.5916606810297996,0.6212384776291789,1.8673641145791033,고위험
1129078000,장위제3동,성북구,0.09053778080326753,-23.540063377093706,5.2,0.07967406066093255,0.9007620129331381,-0.09099486884364204,0.5916606810297996,-0.04020899985128958,1.6105634408626577,고위험
1129062000,정릉제1동,성북구,0.09053778080326753,-23.507578100835136,5.2,0.05134549953603464,0.9007620129331381,-0.08966784774904174,0.5916606810297996,-0.5545833744743797,1.5336111077034174,중위험
1129063000,정릉제2동,성북구,0.09053778080326753,-13.46441547339175,5.2,0.057063475101517415,0.9007620129331381,0.32059459105669724,0.5916606810297996,-0.4507595306639606,1.6621056272586368,고위험
1129064000,정릉제3동,성북구,0.09053778080326753,-12.944983818770227,5.2,0.09914680788467196,0.9007620129331381,0.34181333512399054,0.5916606810297996,0.3133663946505225,1.8156690316086768,고위험
1129065000,정릉제4동,성북구,0.09053778080326753,-8.778930566640064,5.2,0.060654429369513166,0.9007620129331381,0.5119962974851798,0.5916606810297996,-0.3855569653886977,1.7433591947338167,고위험
1129070500,종암동,성북구,0.09053778080326753,-3.991446899501069,5.2,0.07797576621525303,0.9007620129331381,0.7075646456124948,0.5916606810297996,-0.0710456928824264,1.8837349262450618,고위험
1171063100,가락1동,송파구,0.06991146207226609,-14.560582423296932,4.4,0.008060322412896516,-1.303085164195894,0.2758162535061851,0.17322669065722002,-1.3405317258573022,0.7605343243153633,저위험
1171063200,가락2동,송파구,0.06991146207226609,-12.275317843051292,4.4,0.030469092503288032,-1.303085164195894,0.36916913992127015,0.17322669065722002,-0.93364564892249,0.8190482424341049,저위험
1171062000,가락본동,송파구,0.06991146207226609,-13.76597836774828,4.4,0.051130776794493606,-1.303085164195894,0.3082757694781282,0.17322669065722002,-0.5584821914813775,0.8334760068784257,저위험
1171053100,거여1동,송파구,0.06991146207226609,-18.62123613312203,4.4,0.0788431061806656,-1.303085164195894,0.10993885452967364,0.17322669065722002,-0.05529701259020365,0.8470848637705847,저위험
1171053200,거여2동,송파구,0.06991146207226609,-10.817031070195627,4.4,0.07848101265822785,-1.303085164195894,0.42874004503387764,0.17322669065722002,-0.061871706883282133,0.950622757132167,저위험
1171054000,마천1동,송파구,0.06991146207226609,-15.412928456406718,4.4,0.12859443294225903,-1.303085164195894,0.2409979820889239,0.17322669065722002,0.8480601144038646,1.1639437328180497,중위험
1171055000,마천2동,송파구,0.06991146207226609,-15.89938300901756,4.4,0.12553393450403416,-1.303085164195894,0.22112635016125462,0.17322669065722002,0.7924892732567913,1.1324394780169735,중위험
1171064100,문정1동,송파구,0.06991146207226609,-16.15408511960236,4.4,0.036346691519105315,-1.303085164195894,0.21072178807919167,0.17322669065722002,-0.8269234506182088,0.7749123798582698,저위험
1171064200,문정2동,송파구,0.06991146207226609,-12.301868937780931,4.4,0.006150934468890466,-1.303085164195894,0.3680845296963019,0.17322669065722002,-1.3752013381006074,0.790590378118436,저위험
1171056100,방이1동,송파구,0.06991146207226609,-15.81196581196581,4.4,0.03076923076923077,-1.303085164195894,0.22469733609331677,0.17322669065722002,-0.9281959039755407,0.7708307634232892,저위험
1171056200,방이2동,송파구,0.06991146207226609,-10.040705563093622,4.4,0.07218453188602442,-1.303085164195894,0.46045288367501075,0.17322669065722002,-0.17619972888373325,0.9426795830777024,저위험
1171061000,삼전동,송파구,0.06991146207226609,-5.972288580984233,4.4,0.08886765408504539,-1.303085164195894,0.6266474117410944,0.17322669065722002,0.12672319438256208,1.073643715508219,중위험
1171060000,석촌동,송파구,0.06991146207226609,-12.060939483707152,4.4,0.0732120186203978,-1.303085164195894,0.37792647979460536,0.17322669065722002,-0.1575431919669209,0.9144534919737541,저위험
1171058000,송파1동,송파구,0.06991146207226609,-11.294765840220386,4.4,0.048760330578512395,-1.303085164195894,0.4092246155697478,0.17322669065722002,-0.6015234453081159,0.8647993014852011,저위험
1171059000,송파2동,송파구,0.06991146207226609,-13.438216978039987,4.4,0.022943297279580464,-1.303085164195894,0.32166479762356937,0.17322669065722002,-1.0702948841119801,0.7922286502501801,저위험
1171057000,오금동,송파구,0.06991146207226609,-3.7752286917380573,4.4,0.062146072310149555,-1.303085164195894,0.7163971431555162,0.17322669065722002,-0.3584725363078135,1.0303013331980724,중위험
1171056600,오륜동,송파구,0.06991146207226609,-11.966364812419146,4.4,0.000646830530401035,-1.303085164195894,0.38178984801149,0.17322669065722002,-1.4751418189721432,0.7907669020321494,저위험
1171064700,위례동,송파구,0.06991146207226609,-27.06396938217605,4.4,0.06451612903225806,-1.303085164195894,-0.2349461644063327,0.17322669065722002,-0.3154383546958024,0.7223387556381149,저위험
1171067000,잠실2동,송파구,0.06991146207226609,-6.600660066006601,4.4,0.0002538715410002539,-1.303085164195894,0.6009784837863864,0.17322669065722002,-1.4822769513755996,0.8801912334129277,저위험
1171068000,잠실3동,송파구,0.06991146207226609,-4.240743761213506,4.4,0.002283477409884195,-1.303085164195894,0.6973808875407809,0.17322669065722002,-1.445424488416548,0.9280421412851472,저위험
1171069000,잠실4동,송파구,0.06991146207226609,-2.319416832339298,4.4,0.0009940357852882703,-1.303085164195894,0.7758669482393451,0.17322669065722002,-1.4688374576224414,0.9679488664181977,중위험
1171071000,잠실6동,송파구,0.06991146207226609,-2.3064250411861615,4.4,0.0026359143327841844,-1.303085164195894,0.7763976619319,0.17322669065722002,-1.4390251333271205,0.969630364548083,중위험
1171072000,잠실7동,송파구,0.06991146207226609,-11.519716437749224,4.4,0.0017722640673460345,-1.303085164195894,0.4000354005608415,0.17322669065722002,-1.4547068180840412,0.7984547331743121,저위험
1171065000,잠실본동,송파구,0.06991146207226609,-6.590621039290241,4.4,0.07503168567807351,-1.303085164195894,0.6013885772735351,0.17322669065722002,-0.12450268204876831,1.0115414514439847,중위험
1171064600,장지동,송파구,0.06991146207226609,-11.154011154011155,4.4,0.08708708708708708,-1.303085164195894,0.4149744339267404,0.17322669065722002,0.09439264176425928,0.9771728355103951,중위험
1171051000,풍납1동,송파구,0.06991146207226609,-8.543965824136704,4.4,0.08401566393734425,-1.303085164195894,0.5215945895639501,0.17322669065722002,0.03862343573623709,1.0078453817815287,중위험
1171052000,풍납2동,송파구,0.06991146207226609,-5.893909626719057,4.4,0.03781925343811395,-1.303085164195894,0.6298491861343525,0.17322669065722002,-0.8001854841946997,0.9379725785444173,저위험
1147051000,목1동,양천구,0.08562301195568718,-30.534351145038165,2.3,0.03958156629912355,0.3756368273758128,-0.37671099869551006,-0.925162534070802,-0.7681863801182371,0.8001915253222833,저위험
1147052000,목2동,양천구,0.08562301195568718,-24.34077079107505,2.3,0.07302231237322515,0.3756368273758128,-0.12370370654902603,-0.925162534070802,-0.16098777327909228,0.9270631308030737,저위험
1147053000,목3동,양천구,0.08562301195568718,-29.900332225913623,2.3,0.08194905869324474,0.3756368273758128,-0.3508113734820101,-0.925162534070802,0.0010991585468741367,0.9121413217005191,저위험
1147054000,목4동,양천구,0.08562301195568718,-31.477703293500436,2.3,0.07519673564558438,0.3756368273758128,-0.41524686308778924,-0.925162534070802,-0.1215057958516312,0.8780537359535913,저위험
1147055000,목5동,양천구,0.08562301195568718,-21.28498226251478,2.3,0.0021679148600709497,0.3756368273758128,0.001125025266588916,-0.925162534070802,-1.447522809401788,0.8332040613656009,저위험
1147056000,신월1동,양천구,0.08562301195568718,-40.985442329227325,2.3,0.1343784994400896,0.3756368273758128,-0.8036372883973516,-0.925162534070802,0.9530840008795207,1.1665558883286613,중위험
1147057000,신월2동,양천구,0.08562301195568718,-44.23495286439449,2.3,0.06671501087744743,0.3756368273758128,-0.9363795496288609,-0.925162534070802,-0.2755122720048157,0.7857400149161541,저위험
1147058000,신월3동,양천구,0.08562301195568718,-58.22462615335666,2.3,0.16640152720330895,0.3756368273758128,-1.507856652463167,-0.925162534070802,1.5345404612560685,1.5190768533949908,중위험
1147059000,신월4동,양천구,0.08562301195568718,-51.94436559750213,2.3,0.041158103888731194,0.3756368273758128,-1.2513084805815513,-0.925162534070802,-0.7395604808659274,0.7028895015109862,저위험
1147060000,신월5동,양천구,0.08562301195568718,-69.66121050628094,2.3,0.08488770460601447,0.3756368273758128,-1.9750402640694522,-0.925162534070802,0.05445746880327176,0.7817746741297649,저위험
1147061000,신월6동,양천구,0.08562301195568718,-89.09444985394352,2.3,0.05160662122687439,0.3756368273758128,-2.768886631436029,-0.925162534070802,-0.549842070959738,0.6669833693520377,저위험
1147061100,신월7동,양천구,0.08562301195568718,-40.802675585284284,2.3,0.0862876254180602,0.3756368273758128,-0.7961712806382256,-0.925162534070802,0.07987645810679109,0.8652860330086544,저위험
1147062000,신정1동,양천구,0.08562301195568718,-70.75306479859896,2.3,0.026970227670753064,0.3756368273758128,-2.019642429881531,-0.925162534070802,-0.9971761050650055,0.6428519092836649,저위험
1147063000,신정2동,양천구,0.08562301195568718,-73.45454545454545,2.3,0.116,0.3756368273758128,-2.1299977117194073,-0.925162534070802,0.6193773535730223,0.9371558109244212,저위험
1147064000,신정3동,양천구,0.08562301195568718,-24.631142543592247,2.3,0.08535544445799292,0.3756368273758128,-0.13556537082422923,-0.925162534070802,0.06295043082795636,0.9671925590979382,중위험
1147065000,신정4동,양천구,0.08562301195568718,-32.58590095176642,2.3,0.09001451847072109,0.3756368273758128,-0.4605166541709939,-0.925162534070802,0.14754732479139368,0.925429250121159,저위험
1147067000,신정6동,양천구,0.08562301195568718,-66.03465184700882,2.3,0.001961425302386401,0.3756368273758128,-1.8268956152952245,-0.925162534070802,-1.4512721328013038,0.6229747264307147,저위험
1147068000,신정7동,양천구,0.08562301195568718,-37.77819337946512,2.3,0.15765850009351037,0.3756368273758128,-0.6726214097545955,-0.925162534070802,1.3757894014303438,1.4551244839343092,중위험
1156055000,당산제1동,영등포구,0.08749628656753757,-6.878761822871883,3.6,0.061622241329893954,0.5757894100617834,0.5896180479117404,-0.24520729971535982,-0.36798397007563594,1.318446297538739,중위험
1156056000,당산제2동,영등포구,0.08749628656753757,-1.4353085913471395,3.6,0.01681361492720935,0.5757894100617834,0.8119827034623618,-0.24520729971535982,-1.1815942724832436,1.3536459491154456,중위험
1156070000,대림제1동,영등포구,0.08749628656753757,-23.87684574300974,3.6,0.08294062205466542,0.5757894100617834,-0.10475240318943917,-0.24520729971535982,0.019103418688475853,1.1581900430248044,중위험
1156071000,대림제2동,영등포구,0.08749628656753757,-26.453184824225545,3.6,0.10198398886181692,0.5757894100617834,-0.20999566110123502,-0.24520729971535982,0.36488236061777474,1.21991161695183,중위험
1156072000,대림제3동,영등포구,0.08749628656753757,-16.316015457277803,3.6,0.07277801631601545,0.5757894100617834,0.20410694595069417,-0.24520729971535982,-0.16542356622657398,1.2053100200317286,중위험
1156058500,도림동,영등포구,0.08749628656753757,-3.952569169960474,3.6,0.11584068105807237,0.5757894100617834,0.7091527979434119,-0.24520729971535982,0.6164845281747137,1.607743862724551,중위험
1156060500,문래동,영등포구,0.08749628656753757,-4.103405826836274,3.6,0.020106688551497744,0.5757894100617834,0.7029911318421309,-0.24520729971535982,-1.1218004594966602,1.2992806199017648,중위험
1156063000,신길제1동,영등포구,0.08749628656753757,-27.84026996625422,3.6,0.12232845894263217,0.5757894100617834,-0.2666579849438145,-0.24520729971535982,0.7342860175391329,1.3374782170762054,중위험
1156065000,신길제3동,영등포구,0.08749628656753757,-30.405405405405407,3.6,0.09428746928746928,0.5757894100617834,-0.3714435749189808,-0.24520729971535982,0.22513320691473063,1.1521281546909323,중위험
1156066000,신길제4동,영등포구,0.08749628656753757,-40.39167686658507,3.6,0.15340677274581804,0.5757894100617834,-0.779382013856981,-0.24520729971535982,1.2985888833420813,1.576692614362985,중위험
1156067000,신길제5동,영등포구,0.08749628656753757,-84.21559191530318,3.6,0.11838306063522618,0.5757894100617834,-2.5695856511826745,-0.24520729971535982,0.6626476530608428,1.1363219370606195,중위험
1156068000,신길제6동,영등포구,0.08749628656753757,-28.554946639746177,3.6,0.059994231323911164,0.5757894100617834,-0.29585247336354675,-0.24520729971535982,-0.3975444770500454,1.049563666917162,중위험
1156069000,신길제7동,영등포구,0.08749628656753757,-36.78929765886288,3.6,0.03641768859160163,0.5757894100617834,-0.6322250938620076,-0.24520729971535982,-0.8256343249685031,0.9496391971829573,저위험
1156061000,양평제1동,영등포구,0.08749628656753757,-8.23045267489712,3.6,0.04238683127572016,0.5757894100617834,0.53440157815669,-0.24520729971535982,-0.7172499272702763,1.2534209986842297,중위험
1156062000,양평제2동,영등포구,0.08749628656753757,-5.622188905547227,3.6,0.035982008995502246,0.5757894100617834,0.6409489571803171,-0.24520729971535982,-0.8335451545652347,1.2906673501926211,중위험
1156054000,여의동,영등포구,0.08749628656753757,-3.9093041438623923,3.6,0.006724003127443315,0.5757894100617834,0.7109201710090924,-0.24520729971535982,-1.3647958737510562,1.2892482620018746,중위험
1156053500,영등포동,영등포구,0.08749628656753757,-10.755813953488373,3.6,0.17906976744186046,0.5757894100617834,0.4312407596522336,-0.24520729971535982,1.764563374228973,2.28179175017795,고위험
1156051500,영등포본동,영등포구,0.08749628656753757,-24.75478748248482,3.6,0.11746847267631948,0.5757894100617834,-0.14061625728876176,-0.24520729971535982,0.6460410697851757,1.3279958934361344,중위험
1117053000,남영동,용산구,0.07131606806269204,-10.329244673983215,3.4,0.36927049709489995,-1.1530081200393834,0.44866608267261193,-0.3498157973085048,5.218123226308831,37.5799515779942,고위험
1117070000,보광동,용산구,0.07131606806269204,-3.0109145652992098,3.4,0.0922092585622883,-1.1530081200393834,0.7476193177989535,-0.3498157973085048,0.18739820380649144,1.0401232124206101,중위험
1117069000,서빙고동,용산구,0.07131606806269204,-0.4694835680751174,3.4,0.06525821596244132,-1.1530081200393834,0.8514365831022714,-0.3498157973085048,-0.3019639498735435,1.0045357273517554,중위험
1117059000,용문동,용산구,0.07131606806269204,-4.132231404958678,3.4,0.0876951331496786,-1.1530081200393834,0.7018136091414462,-0.3498157973085048,0.10543320650768553,0.997500614244427,중위험
1117052000,용산2가동,용산구,0.07131606806269204,-3.4705007436787305,3.4,0.10014873574615767,-1.1530081200393834,0.7288452569400595,-0.3498157973085048,0.3315588476627655,1.0677092692986896,중위험
1117056000,원효로제1동,용산구,0.07131606806269204,-8.240426563257392,3.4,0.06737760542898691,-1.1530081200393834,0.5339941455664937,-0.3498157973085048,-0.26348124591160405,0.8510175143325465,저위험
1117057000,원효로제2동,용산구,0.07131606806269204,-6.385696040868455,3.4,0.08301404853128991,-1.1530081200393834,0.6097597480634067,-0.3498157973085048,0.020436656117231274,0.9350368965786411,저위험
1117063000,이촌제1동,용산구,0.07131606806269204,-2.08768267223382,3.4,0.003943400603108328,-1.1530081200393834,0.7853332712698697,-0.3498157973085048,-1.4152845194053223,0.8677659259484916,저위험
1117064000,이촌제2동,용산구,0.07131606806269204,-5.036373810856183,3.4,0.03861219921656407,-1.1530081200393834,0.664879459787178,-0.3498157973085048,-0.7857876124813418,0.8481263485866067,저위험
1117065000,이태원제1동,용산구,0.07131606806269204,-5.315110098709187,3.4,0.07365223993925589,-1.1530081200393834,0.6534931033693547,-0.3498157973085048,-0.14954989627551488,0.9236902146271966,저위험
1117066000,이태원제2동,용산구,0.07131606806269204,-3.837719298245614,3.4,0.06140350877192982,-1.1530081200393834,0.713844406574493,-0.3498157973085048,-0.37195559511569576,0.9192436127812221,저위험
1117055500,청파동,용산구,0.07131606806269204,-4.938271604938271,3.4,0.12623456790123458,-1.1530081200393834,0.6688869275286767,-0.3498157973085048,0.80521098771084,1.2063597160834485,중위험
1117062500,한강로동,용산구,0.07131606806269204,-6.041335453100159,3.4,0.05214626391096979,-1.1530081200393834,0.6238268522025301,-0.3498157973085048,-0.540043537002165,0.8539686473563401,저위험
1117068500,한남동,용산구,0.07131606806269204,-3.3379694019471486,3.4,0.018915159944367176,-1.1530081200393834,0.7342591522929457,-0.3498157973085048,-1.1434355781825731,0.8556390063165349,저위험
1117058000,효창동,용산구,0.07131606806269204,-10.1716465352829,3.4,0.03242212333121424,-1.1530081200393834,0.455103954798446,-0.3498157973085048,-0.8981835932852473,0.7464562684424296,저위험
1117051000,후암동,용산구,0.07131606806269204,-2.338009352037408,3.4,0.10955243820975284,-1.1530081200393834,0.775107445206501,-0.3498157973085048,0.5023060858485459,1.1441220825417353,중위험
1138055100,갈현제1동,은평구,0.0900017782519783,-13.774104683195592,4.2,0.1135598408325681,0.843492088764979,0.30794381010262145,0.068618193064075,0.5750702904576481,1.6607050468516888,고위험
1138055200,갈현제2동,은평구,0.0900017782519783,-8.547008547008549,4.2,0.09686609686609686,0.843492088764979,0.5214702945632297,0.068618193064075,0.2719545030015503,1.6487289171418174,고위험
1138056000,구산동,은평구,0.0900017782519783,-12.162794324029315,4.2,0.09262435677530018,0.843492088764979,0.3737657172196218,0.068618193064075,0.19493532801070973,1.5714434655635503,중위험
1138051000,녹번동,은평구,0.0900017782519783,-6.942553770759598,4.2,0.09597059624285326,0.843492088764979,0.5870121516331053,0.068618193064075,0.2556944970300265,1.6730210589171273,고위험
1138057000,대조동,은평구,0.0900017782519783,-10.334928229665072,4.2,0.10602870813397129,0.843492088764979,0.4484339098500037,0.068618193064075,0.4383241403455781,1.6665837771970997,고위험
1138052000,불광제1동,은평구,0.0900017782519783,-5.607476635514018,4.2,0.09644859813084113,0.843492088764979,0.6415499523058663,0.068618193064075,0.26437379143959394,1.700476479848975,고위험
1138053000,불광제2동,은평구,0.0900017782519783,-7.274490785645004,4.2,0.1441965729065632,0.843492088764979,0.5734525495128865,0.068618193064075,1.13135515898936,2.028664372320083,고위험
1138065000,수색동,은평구,0.0900017782519783,-15.89293182768716,4.2,0.12128816394813885,0.843492088764979,0.22138988043393543,0.068618193064075,0.7153969153056371,1.6860499247193437,고위험
1138063100,신사제1동,은평구,0.0900017782519783,-9.111617312072893,4.2,0.06245254365983295,0.843492088764979,0.49840606892842476,0.068618193064075,-0.35290779872236866,1.517150073121386,중위험
1138063200,신사제2동,은평구,0.0900017782519783,-12.030075187969926,4.2,0.08646616541353383,0.843492088764979,0.3791872839566902,0.068618193064075,0.08311828878474391,1.5477060550608432,중위험
1138062500,역촌동,은평구,0.0900017782519783,-6.245032360622232,4.2,0.09515158396729874,0.843492088764979,0.6155058488336475,0.068618193064075,0.24082332425179712,1.6822051912003633,고위험
1138058000,응암제1동,은평구,0.0900017782519783,-10.976948408342482,4.2,0.06970362239297476,0.843492088764979,0.42220743378488984,0.068618193064075,-0.2212467139161757,1.5067328301196496,중위험
1138059000,응암제2동,은평구,0.0900017782519783,-14.374700527072353,4.2,0.08552946813608049,0.843492088764979,0.2834095150019759,0.068618193064075,0.06611025670796654,1.5106789103784255,중위험
1138060000,응암제3동,은평구,0.0900017782519783,-10.380622837370241,4.2,0.12698961937716263,0.843492088764979,0.4465672885582039,0.068618193064075,0.818920795597884,1.8094424522997574,고위험
1138064000,증산동,은평구,0.0900017782519783,-15.711135611907387,4.2,0.05181918412348401,0.843492088764979,0.22881624219050598,0.068618193064075,-0.5459824712247007,1.3952300546680976,중위험
1138069000,진관동,은평구,0.0900017782519783,-3.0874785591766725,4.2,0.051457975986277875,0.843492088764979,0.7444916844011786,0.068618193064075,-0.5525410891815048,1.6065376847966943,중위험
1111060000,가회동,종로구,0.07597388621852356,-12.29565460388431,4.6,0.02494061757719715,-0.6553371818471438,0.3683383847691068,0.2778351882503646,-1.0340286447333187,0.9182943080552937,저위험
1111058000,교남동,종로구,0.07597388621852356,-5.457853244390539,4.6,0.06003638568829594,-0.6553371818471438,0.6476620565923156,0.2778351882503646,-0.3967790613721205,1.0981106554079567,중위험
1111057000,무악동,종로구,0.07597388621852356,-1.3486176668914363,4.6,0.0782198246797033,-0.6553371818471438,0.815524021213439,0.2778351882503646,-0.06661421401311146,1.2380484004481769,중위험
1111055000,부암동,종로구,0.07597388621852356,-4.383561643835616,4.6,0.03397260273972603,-0.6553371818471438,0.6915467877653265,0.2778351882503646,-0.8700308441003166,1.0688353986069095,중위험
1111053000,사직동,종로구,0.07597388621852356,-4.977876106194691,4.6,0.03263274336283186,-0.6553371818471438,0.6672690866277693,0.2778351882503646,-0.8943592710202103,1.0548480645353622,중위험
1111054000,삼청동,종로구,0.07597388621852356,-17.577149705383004,4.6,0.035653650254668934,-0.6553371818471438,0.1525897066624172,0.2778351882503646,-0.8395073113166313,0.8634436225086062,저위험
1111070000,숭인제1동,종로구,0.07597388621852356,-12.345679012345679,4.6,0.1111111111111111,-0.6553371818471438,0.36629489144170657,0.2778351882503646,0.5306076079535096,1.1864353423987213,중위험
1111071000,숭인제2동,종로구,0.07597388621852356,-8.802816901408452,4.6,0.12969483568075119,-0.6553371818471438,0.51102054250443,0.2778351882503646,0.8680406198714709,1.3790428336456182,중위험
1111064000,이화동,종로구,0.07597388621852356,-7.390983000739098,4.6,0.07390983000739099,-0.6553371818471438,0.5686938512781501,0.2778351882503646,-0.14487271801637422,1.100363444798395,중위험
1111061500,종로1.2.3.4가동,종로구,0.07597388621852356,-8.655510675129833,4.6,0.241200230813618,-0.6553371818471438,0.5170379907810512,0.2778351882503646,2.8926940301062496,4.513480334272473,고위험
1111063000,종로5.6가동,종로구,0.07597388621852356,-15.0093808630394,4.6,0.12382739212007504,-0.6553371818471438,0.2574828709601507,0.2778351882503646,0.7615028187155025,1.2375630580146013,중위험
1111067000,창신제1동,종로구,0.07597388621852356,-11.016949152542372,4.6,0.18389830508474575,-0.6553371818471438,0.4205734063895106,0.2778351882503646,1.8522372952393937,2.1413687057524626,고위험
1111068000,창신제2동,종로구,0.07597388621852356,-7.092198581560283,4.6,0.13638843426077468,-0.6553371818471438,0.5808991723544514,0.2778351882503646,0.9895792878044332,1.4707790019844973,중위험
1111069000,창신제3동,종로구,0.07597388621852356,-10.24428684003152,4.6,0.07092198581560284,-0.6553371818471438,0.4521366038068045,0.2778351882503646,-0.19912434346414562,1.0426534857675434,중위험
1111051500,청운효자동,종로구,0.07597388621852356,-2.798507462686567,4.6,0.03451492537313433,-0.6553371818471438,0.756296131982904,0.2778351882503646,-0.8601836491025386,1.1030568489569161,중위험
1111056000,평창동,종로구,0.07597388621852356,-7.122507122507122,4.6,0.020797720797720798,-0.6553371818471438,0.5796610707338009,0.2778351882503646,-1.1092530774419123,0.9981665693455667,중위험
1111065000,혜화동,종로구,0.07597388621852356,-2.6168224299065423,4.6,0.038130841121495326,-0.6553371818471438,0.763717951922288,0.2778351882503646,-0.7945278470463488,1.1127663861866524,중위험
1114059000,광희동,중구,0.07617203259904785,-5.424954792043399,2.4,0.0922242314647378,-0.6341659613752886,0.6490059558990928,-0.8728582852742295,0.18767007350364245,0.9832487354857055,중위험
1114062500,다산동,중구,0.07617203259904785,-16.225749559082892,2.4,0.07266313932980599,-0.6341659613752886,0.2077943011104365,-0.8728582852742295,-0.16750943912635013,0.7404459526826744,저위험
1114066500,동화동,중구,0.07617203259904785,-23.46938775510204,2.4,0.04642857142857143,-0.6341659613752886,-0.08810777499501897,-0.8728582852742295,-0.6438622407462083,0.5975197525689767,저위험
1114055000,명동,중구,0.07617203259904785,-12.32876712328767,2.4,0.028767123287671233,-0.6341659613752886,0.36698574083916546,-0.8728582852742295,-0.9645490663975559,0.7006275835186694,저위험
1114052000,소공동,중구,0.07617203259904785,-7.662835249042145,2.4,0.07279693486590039,-0.6341659613752886,0.5575887073587567,-0.8728582852742295,-0.1650800536414153,0.8697314582544582,저위험
1114061500,신당동,중구,0.07617203259904785,-31.778228532792426,2.4,0.13116970926301555,-0.6341659613752886,-0.427523296534929,-0.8728582852742295,0.8948205602002645,0.9159621300837524,저위험
1114065000,신당제5동,중구,0.07617203259904785,-24.507192328183272,2.4,0.10921683537559936,-0.6341659613752886,-0.1305020138369365,-0.8728582852742295,0.49621239484961555,0.8114635985350922,저위험
1114063500,약수동,중구,0.07617203259904785,-11.474183088051882,2.4,0.10276877026689947,-0.6341659613752886,0.40189543447513665,-0.8728582852742295,0.37913198814652277,0.9294191725303533,저위험
1114060500,을지로동,중구,0.07617203259904785,-17.62114537444934,2.4,0.16740088105726872,-0.6341659613752886,0.15079248688637534,-0.8728582852742295,1.552686176860591,1.4990696858922758,중위험
1114058000,장충동,중구,0.07617203259904785,-7.050528789659225,2.4,0.07755581668625147,-0.6341659613752886,0.5826013802230307,-0.8728582852742295,-0.0786709046043018,0.8960937172138557,저위험
1114068000,중림동,중구,0.07617203259904785,-1.8165304268846503,2.4,0.12397820163487738,-0.6341659613752886,0.7964098201211873,-0.8728582852742295,0.7642411346335491,1.2474163714713586,중위험
1114064500,청구동,중구,0.07617203259904785,-16.22002820874471,2.4,0.11988716502115655,-0.6341659613752886,0.20802801784191613,-0.8728582852742295,0.6899583501862541,0.9700906577029835,중위험
1114057000,필동,중구,0.07617203259904785,-11.46788990825688,2.4,0.06536697247706422,-0.6341659613752886,0.4021525103969668,-0.8728582852742295,-0.2999892091181377,0.7854773158366987,저위험
1114067000,황학동,중구,0.07617203259904785,-1.9540791402051783,2.4,0.13092330239374694,-0.6341659613752886,0.7907909655158392,-0.8728582852742295,0.8903464402926538,1.3020319082564573,중위험
1114054000,회현동,중구,0.07617203259904785,-1.5785319652722967,2.4,0.16101026045777428,-0.6341659613752886,0.8061320393976418,-0.8728582852742295,1.436648815844422,1.6646747644111453,고위험
1126065500,망우본동,중랑구,0.0898065643660051,-14.99490464405299,5.1,0.1419420585238026,0.8226341946759193,0.2580742234181724,0.5393564322332268,1.0904189313921162,2.0303851040330327,고위험
1126066000,망우제3동,중랑구,0.0898065643660051,-29.063205417607225,5.1,0.1763544018058691,0.8226341946759193,-0.31661480625457344,0.5393564322332268,1.7152592639803759,2.4054484192404466,고위험
1126056500,면목본동,중랑구,0.0898065643660051,-24.47442736115469,5.1,0.1297458424850957,0.8226341946759193,-0.12916356739539378,0.5393564322332268,0.8689667732673516,1.8082690437161064,고위험
1126052000,면목제2동,중랑구,0.0898065643660051,-32.31151615575808,5.1,0.10915492957746478,0.8226341946759193,-0.4493080558681052,0.5393564322332268,0.4950883435410926,1.5993183222639589,중위험
1126057500,면목제3.8동,중랑구,0.0898065643660051,-29.799426934097422,5.1,0.11041069723018147,0.8226341946759193,-0.3466893998921572,0.5393564322332268,0.5178898793547257,1.624124956989808,고위험
1126054000,면목제4동,중랑구,0.0898065643660051,-39.533705017739486,5.1,0.1654840344652813,0.8226341946759193,-0.7443339282895701,0.5393564322332268,1.517881134604655,2.1429444683095893,고위험
1126055000,면목제5동,중랑구,0.0898065643660051,-64.891846921797,5.1,0.09359400998336107,0.8226341946759193,-1.780212119957266,0.5393564322332268,0.21254175568271846,1.401186457065559,중위험
1126057000,면목제7동,중랑구,0.0898065643660051,-34.597471723220224,5.1,0.076070082058106,0.8226341946759193,-0.5426891690590718,0.5393564322332268,-0.10564805380855562,1.4369163736776778,중위험
1126062000,묵제1동,중랑구,0.0898065643660051,-8.22447992259313,5.1,0.04902435091114336,0.8226341946759193,0.5346455646395855,0.5393564322332268,-0.5967295098559733,1.6485049946953716,고위험
1126063000,묵제2동,중랑구,0.0898065643660051,-13.481363996827914,5.1,0.09463388844832143,0.8226341946759193,0.319902245147643,0.5393564322332268,0.23142329480289278,1.7079991271870454,고위험
1126058000,상봉제1동,중랑구,0.0898065643660051,-21.550656428040625,5.1,0.13995541243497647,0.8226341946759193,-0.0097277444355043,0.5393564322332268,1.0543465084041652,1.933271956179488,고위험
1126059000,상봉제2동,중랑구,0.0898065643660051,-28.091701646754924,5.1,0.12302227962544397,0.8226341946759193,-0.27692895020264385,0.5393564322332268,0.746884030486152,1.7232821556467446,고위험
1126068000,신내1동,중랑구,0.0898065643660051,-10.131434830230011,5.1,0.07954545454545454,0.8226341946759193,0.4567465999288211,0.5393564322332268,-0.042544158701400166,1.698074123107928,고위험
1126069000,신내2동,중랑구,0.0898065643660051,-17.117742308582002,5.1,0.1431876012028684,0.8226341946759193,0.1713564643072602,0.5393564322332268,1.1130348077787129,2.017116967621501,고위험
1126060000,중화제1동,중랑구,0.0898065643660051,-15.519917227108122,5.1,0.07734092084842215,0.8226341946759193,0.2366274988436516,0.5393564322332268,-0.08257286459814753,1.6125634506008215,고위험
1126061000,중화제2동,중랑구,0.0898065643660051,-11.518525628719525,5.1,0.16874640046074102,0.8226341946759193,0.4000840450202413,0.5393564322332268,1.5771173754185726,2.452856021303197,고위험
